Core_1,Core_2,Message_Size,Latency
0,1,1,0.21
0,1,2,0.2
0,1,4,0.2
0,1,8,0.19
0,1,16,0.19
0,1,32,0.23
0,1,64,0.23
0,1,128,0.33
0,1,256,0.37
0,1,512,0.45
0,1,1024,0.54
0,1,2048,0.76
0,1,4096,1.2
0,1,8192,2.05
0,1,16384,3.2
0,1,32768,5.09
0,1,65536,8.72
0,1,131072,15.57
0,1,262144,17.11
0,1,524288,32.61
0,1,1048576,70.09
0,2,1,0.19
0,2,2,0.19
0,2,4,0.19
0,2,8,0.19
0,2,16,0.19
0,2,32,0.23
0,2,64,0.23
0,2,128,0.33
0,2,256,0.38
0,2,512,0.45
0,2,1024,0.55
0,2,2048,0.75
0,2,4096,1.21
0,2,8192,2.03
0,2,16384,3.17
0,2,32768,5.0
0,2,65536,8.44
0,2,131072,15.1
0,2,262144,17.27
0,2,524288,32.31
0,2,1048576,66.45
0,3,1,0.2
0,3,2,0.19
0,3,4,0.19
0,3,8,0.19
0,3,16,0.19
0,3,32,0.23
0,3,64,0.23
0,3,128,0.33
0,3,256,0.37
0,3,512,0.44
0,3,1024,0.55
0,3,2048,0.76
0,3,4096,1.21
0,3,8192,2.05
0,3,16384,3.19
0,3,32768,5.0
0,3,65536,8.51
0,3,131072,15.25
0,3,262144,17.48
0,3,524288,32.68
0,3,1048576,69.49
0,4,1,0.2
0,4,2,0.19
0,4,4,0.19
0,4,8,0.19
0,4,16,0.19
0,4,32,0.23
0,4,64,0.23
0,4,128,0.33
0,4,256,0.37
0,4,512,0.44
0,4,1024,0.54
0,4,2048,0.75
0,4,4096,1.21
0,4,8192,2.03
0,4,16384,3.15
0,4,32768,4.96
0,4,65536,8.4
0,4,131072,15.03
0,4,262144,17.14
0,4,524288,32.22
0,4,1048576,68.23
0,5,1,0.21
0,5,2,0.21
0,5,4,0.2
0,5,8,0.2
0,5,16,0.2
0,5,32,0.25
0,5,64,0.24
0,5,128,0.31
0,5,256,0.35
0,5,512,0.42
0,5,1024,0.54
0,5,2048,0.76
0,5,4096,1.21
0,5,8192,2.06
0,5,16384,3.18
0,5,32768,5.05
0,5,65536,8.66
0,5,131072,15.47
0,5,262144,17.3
0,5,524288,32.48
0,5,1048576,68.56
0,6,1,0.21
0,6,2,0.2
0,6,4,0.2
0,6,8,0.2
0,6,16,0.19
0,6,32,0.24
0,6,64,0.23
0,6,128,0.34
0,6,256,0.38
0,6,512,0.45
0,6,1024,0.55
0,6,2048,0.76
0,6,4096,1.21
0,6,8192,2.04
0,6,16384,3.17
0,6,32768,4.99
0,6,65536,8.53
0,6,131072,15.18
0,6,262144,17.34
0,6,524288,32.52
0,6,1048576,67.96
0,7,1,0.19
0,7,2,0.19
0,7,4,0.19
0,7,8,0.19
0,7,16,0.19
0,7,32,0.23
0,7,64,0.23
0,7,128,0.32
0,7,256,0.37
0,7,512,0.42
0,7,1024,0.54
0,7,2048,0.76
0,7,4096,1.21
0,7,8192,2.05
0,7,16384,3.17
0,7,32768,5.0
0,7,65536,8.48
0,7,131072,15.14
0,7,262144,17.45
0,7,524288,32.68
0,7,1048576,67.87
0,8,1,0.19
0,8,2,0.19
0,8,4,0.19
0,8,8,0.19
0,8,16,0.19
0,8,32,0.24
0,8,64,0.24
0,8,128,0.33
0,8,256,0.36
0,8,512,0.44
0,8,1024,0.55
0,8,2048,0.75
0,8,4096,1.21
0,8,8192,2.05
0,8,16384,3.17
0,8,32768,5.01
0,8,65536,8.5
0,8,131072,15.26
0,8,262144,17.42
0,8,524288,32.82
0,8,1048576,68.21
0,9,1,0.22
0,9,2,0.22
0,9,4,0.21
0,9,8,0.21
0,9,16,0.21
0,9,32,0.24
0,9,64,0.24
0,9,128,0.33
0,9,256,0.37
0,9,512,0.43
0,9,1024,0.55
0,9,2048,0.76
0,9,4096,1.2
0,9,8192,2.03
0,9,16384,3.15
0,9,32768,4.98
0,9,65536,8.44
0,9,131072,15.09
0,9,262144,17.28
0,9,524288,32.61
0,9,1048576,68.33
0,10,1,0.19
0,10,2,0.19
0,10,4,0.19
0,10,8,0.19
0,10,16,0.19
0,10,32,0.23
0,10,64,0.23
0,10,128,0.32
0,10,256,0.36
0,10,512,0.44
0,10,1024,0.53
0,10,2048,0.75
0,10,4096,1.2
0,10,8192,2.06
0,10,16384,3.2
0,10,32768,5.08
0,10,65536,8.66
0,10,131072,15.48
0,10,262144,17.02
0,10,524288,32.25
0,10,1048576,68.36
0,11,1,0.19
0,11,2,0.19
0,11,4,0.19
0,11,8,0.19
0,11,16,0.19
0,11,32,0.24
0,11,64,0.23
0,11,128,0.33
0,11,256,0.38
0,11,512,0.45
0,11,1024,0.56
0,11,2048,0.76
0,11,4096,1.21
0,11,8192,2.04
0,11,16384,3.17
0,11,32768,4.98
0,11,65536,8.45
0,11,131072,15.15
0,11,262144,17.25
0,11,524288,32.63
0,11,1048576,67.9
0,12,1,0.41
0,12,2,0.4
0,12,4,0.4
0,12,8,0.4
0,12,16,0.4
0,12,32,0.55
0,12,64,0.52
0,12,128,0.96
0,12,256,0.99
0,12,512,1.2
0,12,1024,1.37
0,12,2048,1.67
0,12,4096,2.49
0,12,8192,3.76
0,12,16384,5.82
0,12,32768,9.89
0,12,65536,17.89
0,12,131072,33.94
0,12,262144,18.59
0,12,524288,34.15
0,12,1048576,70.08
0,13,1,0.41
0,13,2,0.4
0,13,4,0.4
0,13,8,0.4
0,13,16,0.4
0,13,32,0.57
0,13,64,0.55
0,13,128,0.96
0,13,256,1.09
0,13,512,1.27
0,13,1024,1.46
0,13,2048,2.0
0,13,4096,2.8
0,13,8192,4.38
0,13,16384,7.15
0,13,32768,12.23
0,13,65536,22.31
0,13,131072,42.26
0,13,262144,18.2
0,13,524288,34.74
0,13,1048576,73.92
0,14,1,0.45
0,14,2,0.43
0,14,4,0.42
0,14,8,0.41
0,14,16,0.41
0,14,32,0.56
0,14,64,0.55
0,14,128,0.96
0,14,256,1.07
0,14,512,1.25
0,14,1024,1.45
0,14,2048,1.99
0,14,4096,2.77
0,14,8192,4.34
0,14,16384,7.12
0,14,32768,12.2
0,14,65536,22.29
0,14,131072,42.63
0,14,262144,18.1
0,14,524288,33.62
0,14,1048576,69.71
0,15,1,0.48
0,15,2,0.46
0,15,4,0.44
0,15,8,0.42
0,15,16,0.42
0,15,32,0.56
0,15,64,0.55
0,15,128,0.98
0,15,256,1.07
0,15,512,1.25
0,15,1024,1.46
0,15,2048,2.01
0,15,4096,2.8
0,15,8192,4.36
0,15,16384,7.13
0,15,32768,12.16
0,15,65536,21.97
0,15,131072,41.65
0,15,262144,18.54
0,15,524288,33.78
0,15,1048576,70.59
0,16,1,0.45
0,16,2,0.44
0,16,4,0.42
0,16,8,0.41
0,16,16,0.4
0,16,32,0.57
0,16,64,0.55
0,16,128,0.96
0,16,256,1.06
0,16,512,1.27
0,16,1024,1.46
0,16,2048,1.99
0,16,4096,2.77
0,16,8192,4.33
0,16,16384,7.19
0,16,32768,12.15
0,16,65536,22.19
0,16,131072,41.59
0,16,262144,18.19
0,16,524288,33.52
0,16,1048576,69.75
0,17,1,0.41
0,17,2,0.41
0,17,4,0.4
0,17,8,0.4
0,17,16,0.4
0,17,32,0.56
0,17,64,0.55
0,17,128,0.93
0,17,256,1.06
0,17,512,1.23
0,17,1024,1.45
0,17,2048,1.99
0,17,4096,2.78
0,17,8192,4.34
0,17,16384,7.09
0,17,32768,12.11
0,17,65536,21.87
0,17,131072,41.52
0,17,262144,17.94
0,17,524288,32.97
0,17,1048576,69.43
0,18,1,0.42
0,18,2,0.41
0,18,4,0.41
0,18,8,0.4
0,18,16,0.4
0,18,32,0.56
0,18,64,0.55
0,18,128,0.95
0,18,256,1.08
0,18,512,1.26
0,18,1024,1.46
0,18,2048,1.99
0,18,4096,2.77
0,18,8192,4.35
0,18,16384,7.14
0,18,32768,12.21
0,18,65536,22.14
0,18,131072,42.44
0,18,262144,18.1
0,18,524288,33.49
0,18,1048576,69.83
0,19,1,0.4
0,19,2,0.4
0,19,4,0.4
0,19,8,0.4
0,19,16,0.4
0,19,32,0.55
0,19,64,0.54
0,19,128,0.98
0,19,256,1.05
0,19,512,1.27
0,19,1024,1.46
0,19,2048,2.0
0,19,4096,2.82
0,19,8192,4.34
0,19,16384,7.07
0,19,32768,12.03
0,19,65536,21.74
0,19,131072,41.05
0,19,262144,18.39
0,19,524288,33.54
0,19,1048576,69.51
0,20,1,0.46
0,20,2,0.45
0,20,4,0.44
0,20,8,0.43
0,20,16,0.42
0,20,32,0.57
0,20,64,0.55
0,20,128,0.98
0,20,256,1.09
0,20,512,1.27
0,20,1024,1.48
0,20,2048,1.99
0,20,4096,2.81
0,20,8192,4.37
0,20,16384,7.15
0,20,32768,12.25
0,20,65536,22.13
0,20,131072,42.04
0,20,262144,18.17
0,20,524288,33.22
0,20,1048576,69.3
0,21,1,0.44
0,21,2,0.43
0,21,4,0.42
0,21,8,0.4
0,21,16,0.4
0,21,32,0.57
0,21,64,0.54
0,21,128,0.98
0,21,256,1.07
0,21,512,1.22
0,21,1024,1.45
0,21,2048,1.99
0,21,4096,2.79
0,21,8192,4.36
0,21,16384,7.13
0,21,32768,12.2
0,21,65536,22.26
0,21,131072,42.32
0,21,262144,18.15
0,21,524288,33.45
0,21,1048576,69.98
0,22,1,0.45
0,22,2,0.43
0,22,4,0.42
0,22,8,0.41
0,22,16,0.4
0,22,32,0.55
0,22,64,0.54
0,22,128,0.95
0,22,256,1.04
0,22,512,1.24
0,22,1024,1.46
0,22,2048,1.99
0,22,4096,2.78
0,22,8192,4.32
0,22,16384,7.04
0,22,32768,12.01
0,22,65536,21.83
0,22,131072,41.66
0,22,262144,17.96
0,22,524288,32.82
0,22,1048576,67.53
0,23,1,0.43
0,23,2,0.43
0,23,4,0.42
0,23,8,0.41
0,23,16,0.41
0,23,32,0.56
0,23,64,0.55
0,23,128,1.01
0,23,256,1.03
0,23,512,1.26
0,23,1024,1.45
0,23,2048,1.99
0,23,4096,2.78
0,23,8192,4.36
0,23,16384,7.11
0,23,32768,12.18
0,23,65536,22.2
0,23,131072,42.55
0,23,262144,18.07
0,23,524288,33.45
0,23,1048576,69.79
1,2,1,0.23
1,2,2,0.23
1,2,4,0.23
1,2,8,0.23
1,2,16,0.23
1,2,32,0.27
1,2,64,0.26
1,2,128,0.34
1,2,256,0.38
1,2,512,0.45
1,2,1024,0.54
1,2,2048,0.75
1,2,4096,1.2
1,2,8192,2.03
1,2,16384,3.17
1,2,32768,4.95
1,2,65536,8.35
1,2,131072,14.91
1,2,262144,17.04
1,2,524288,32.15
1,2,1048576,67.67
1,3,1,0.19
1,3,2,0.19
1,3,4,0.19
1,3,8,0.19
1,3,16,0.19
1,3,32,0.24
1,3,64,0.24
1,3,128,0.32
1,3,256,0.37
1,3,512,0.44
1,3,1024,0.54
1,3,2048,0.76
1,3,4096,1.21
1,3,8192,2.04
1,3,16384,3.16
1,3,32768,5.02
1,3,65536,8.45
1,3,131072,15.12
1,3,262144,17.28
1,3,524288,32.25
1,3,1048576,67.74
1,4,1,0.19
1,4,2,0.18
1,4,4,0.19
1,4,8,0.18
1,4,16,0.19
1,4,32,0.23
1,4,64,0.22
1,4,128,0.31
1,4,256,0.35
1,4,512,0.43
1,4,1024,0.53
1,4,2048,0.74
1,4,4096,1.19
1,4,8192,2.02
1,4,16384,3.15
1,4,32768,4.98
1,4,65536,8.35
1,4,131072,14.82
1,4,262144,17.11
1,4,524288,31.98
1,4,1048576,68.83
1,5,1,0.2
1,5,2,0.19
1,5,4,0.19
1,5,8,0.19
1,5,16,0.18
1,5,32,0.23
1,5,64,0.22
1,5,128,0.31
1,5,256,0.35
1,5,512,0.43
1,5,1024,0.53
1,5,2048,0.74
1,5,4096,1.19
1,5,8192,2.02
1,5,16384,3.16
1,5,32768,5.01
1,5,65536,8.53
1,5,131072,15.24
1,5,262144,16.97
1,5,524288,31.89
1,5,1048576,66.84
1,6,1,0.19
1,6,2,0.19
1,6,4,0.19
1,6,8,0.19
1,6,16,0.19
1,6,32,0.24
1,6,64,0.23
1,6,128,0.33
1,6,256,0.37
1,6,512,0.44
1,6,1024,0.55
1,6,2048,0.75
1,6,4096,1.2
1,6,8192,2.03
1,6,16384,3.14
1,6,32768,4.97
1,6,65536,8.38
1,6,131072,14.94
1,6,262144,17.24
1,6,524288,32.3
1,6,1048576,68.76
1,7,1,0.19
1,7,2,0.19
1,7,4,0.19
1,7,8,0.19
1,7,16,0.19
1,7,32,0.24
1,7,64,0.23
1,7,128,0.34
1,7,256,0.38
1,7,512,0.44
1,7,1024,0.54
1,7,2048,0.75
1,7,4096,1.21
1,7,8192,2.04
1,7,16384,3.15
1,7,32768,4.98
1,7,65536,8.47
1,7,131072,15.06
1,7,262144,17.35
1,7,524288,32.39
1,7,1048576,69.13
1,8,1,0.22
1,8,2,0.21
1,8,4,0.21
1,8,8,0.2
1,8,16,0.2
1,8,32,0.24
1,8,64,0.23
1,8,128,0.33
1,8,256,0.37
1,8,512,0.44
1,8,1024,0.55
1,8,2048,0.75
1,8,4096,1.2
1,8,8192,2.02
1,8,16384,3.19
1,8,32768,4.98
1,8,65536,8.43
1,8,131072,15.04
1,8,262144,17.11
1,8,524288,32.49
1,8,1048576,68.55
1,9,1,0.2
1,9,2,0.2
1,9,4,0.19
1,9,8,0.19
1,9,16,0.19
1,9,32,0.23
1,9,64,0.23
1,9,128,0.33
1,9,256,0.36
1,9,512,0.43
1,9,1024,0.54
1,9,2048,0.75
1,9,4096,1.19
1,9,8192,2.03
1,9,16384,3.17
1,9,32768,4.95
1,9,65536,8.36
1,9,131072,14.89
1,9,262144,17.19
1,9,524288,32.26
1,9,1048576,67.8
1,10,1,0.19
1,10,2,0.19
1,10,4,0.19
1,10,8,0.19
1,10,16,0.19
1,10,32,0.23
1,10,64,0.23
1,10,128,0.31
1,10,256,0.35
1,10,512,0.41
1,10,1024,0.54
1,10,2048,0.75
1,10,4096,1.2
1,10,8192,2.04
1,10,16384,3.18
1,10,32768,5.03
1,10,65536,8.56
1,10,131072,15.31
1,10,262144,17.0
1,10,524288,31.8
1,10,1048576,65.06
1,11,1,0.23
1,11,2,0.22
1,11,4,0.22
1,11,8,0.22
1,11,16,0.21
1,11,32,0.26
1,11,64,0.25
1,11,128,0.34
1,11,256,0.37
1,11,512,0.44
1,11,1024,0.54
1,11,2048,0.75
1,11,4096,1.2
1,11,8192,2.02
1,11,16384,3.15
1,11,32768,4.96
1,11,65536,8.35
1,11,131072,14.87
1,11,262144,17.19
1,11,524288,32.21
1,11,1048576,67.66
1,12,1,0.41
1,12,2,0.4
1,12,4,0.4
1,12,8,0.4
1,12,16,0.4
1,12,32,0.56
1,12,64,0.55
1,12,128,0.94
1,12,256,1.05
1,12,512,1.26
1,12,1024,1.45
1,12,2048,2.0
1,12,4096,2.81
1,12,8192,4.38
1,12,16384,7.16
1,12,32768,12.21
1,12,65536,22.36
1,12,131072,42.85
1,12,262144,18.14
1,12,524288,33.54
1,12,1048576,69.52
1,13,1,0.42
1,13,2,0.41
1,13,4,0.41
1,13,8,0.41
1,13,16,0.41
1,13,32,0.57
1,13,64,0.56
1,13,128,1.0
1,13,256,1.12
1,13,512,1.27
1,13,1024,1.47
1,13,2048,2.01
1,13,4096,2.83
1,13,8192,4.37
1,13,16384,7.14
1,13,32768,12.14
1,13,65536,22.17
1,13,131072,41.8
1,13,262144,18.32
1,13,524288,33.39
1,13,1048576,70.0
1,14,1,0.45
1,14,2,0.44
1,14,4,0.43
1,14,8,0.42
1,14,16,0.41
1,14,32,0.56
1,14,64,0.56
1,14,128,0.95
1,14,256,1.04
1,14,512,1.25
1,14,1024,1.46
1,14,2048,1.99
1,14,4096,2.79
1,14,8192,4.34
1,14,16384,7.1
1,14,32768,12.21
1,14,65536,22.2
1,14,131072,42.07
1,14,262144,18.27
1,14,524288,33.81
1,14,1048576,73.02
1,15,1,0.47
1,15,2,0.47
1,15,4,0.45
1,15,8,0.43
1,15,16,0.42
1,15,32,0.57
1,15,64,0.56
1,15,128,0.97
1,15,256,1.1
1,15,512,1.28
1,15,1024,1.48
1,15,2048,2.01
1,15,4096,2.83
1,15,8192,4.36
1,15,16384,7.14
1,15,32768,12.16
1,15,65536,22.06
1,15,131072,41.83
1,15,262144,18.14
1,15,524288,33.32
1,15,1048576,68.14
1,16,1,0.46
1,16,2,0.44
1,16,4,0.42
1,16,8,0.41
1,16,16,0.4
1,16,32,0.56
1,16,64,0.55
1,16,128,0.94
1,16,256,1.03
1,16,512,1.24
1,16,1024,1.46
1,16,2048,2.0
1,16,4096,2.81
1,16,8192,4.36
1,16,16384,7.11
1,16,32768,12.13
1,16,65536,22.0
1,16,131072,40.67
1,16,262144,18.05
1,16,524288,33.04
1,16,1048576,70.51
1,17,1,0.42
1,17,2,0.4
1,17,4,0.4
1,17,8,0.4
1,17,16,0.4
1,17,32,0.56
1,17,64,0.55
1,17,128,0.98
1,17,256,1.07
1,17,512,1.27
1,17,1024,1.46
1,17,2048,2.0
1,17,4096,2.81
1,17,8192,4.35
1,17,16384,7.09
1,17,32768,12.11
1,17,65536,22.13
1,17,131072,42.31
1,17,262144,17.92
1,17,524288,32.82
1,17,1048576,67.69
1,18,1,0.44
1,18,2,0.43
1,18,4,0.42
1,18,8,0.4
1,18,16,0.4
1,18,32,0.6
1,18,64,0.53
1,18,128,0.91
1,18,256,0.99
1,18,512,1.2
1,18,1024,1.38
1,18,2048,1.68
1,18,4096,2.48
1,18,8192,3.76
1,18,16384,5.81
1,18,32768,9.88
1,18,65536,17.8
1,18,131072,33.84
1,18,262144,18.52
1,18,524288,33.68
1,18,1048576,68.69
1,19,1,0.43
1,19,2,0.43
1,19,4,0.42
1,19,8,0.41
1,19,16,0.41
1,19,32,0.57
1,19,64,0.56
1,19,128,1.0
1,19,256,1.06
1,19,512,1.26
1,19,1024,1.48
1,19,2048,2.01
1,19,4096,2.85
1,19,8192,4.37
1,19,16384,7.12
1,19,32768,12.17
1,19,65536,22.27
1,19,131072,42.35
1,19,262144,18.11
1,19,524288,33.38
1,19,1048576,68.14
1,20,1,0.43
1,20,2,0.41
1,20,4,0.41
1,20,8,0.4
1,20,16,0.4
1,20,32,0.57
1,20,64,0.53
1,20,128,0.87
1,20,256,0.96
1,20,512,1.18
1,20,1024,1.36
1,20,2048,1.68
1,20,4096,2.47
1,20,8192,3.75
1,20,16384,5.81
1,20,32768,9.82
1,20,65536,17.8
1,20,131072,33.8
1,20,262144,18.49
1,20,524288,33.6
1,20,1048576,69.28
1,21,1,0.41
1,21,2,0.4
1,21,4,0.4
1,21,8,0.4
1,21,16,0.4
1,21,32,0.6
1,21,64,0.52
1,21,128,0.91
1,21,256,1.01
1,21,512,1.19
1,21,1024,1.37
1,21,2048,1.68
1,21,4096,2.48
1,21,8192,3.75
1,21,16384,5.82
1,21,32768,9.83
1,21,65536,17.79
1,21,131072,33.78
1,21,262144,18.19
1,21,524288,33.6
1,21,1048576,68.24
1,22,1,0.43
1,22,2,0.42
1,22,4,0.41
1,22,8,0.4
1,22,16,0.4
1,22,32,0.57
1,22,64,0.51
1,22,128,0.89
1,22,256,0.96
1,22,512,1.14
1,22,1024,1.35
1,22,2048,1.67
1,22,4096,2.46
1,22,8192,3.72
1,22,16384,5.73
1,22,32768,9.68
1,22,65536,17.54
1,22,131072,33.27
1,22,262144,18.43
1,22,524288,33.2
1,22,1048576,69.42
1,23,1,0.45
1,23,2,0.44
1,23,4,0.43
1,23,8,0.42
1,23,16,0.42
1,23,32,0.57
1,23,64,0.56
1,23,128,1.0
1,23,256,1.08
1,23,512,1.26
1,23,1024,1.47
1,23,2048,1.99
1,23,4096,2.81
1,23,8192,4.33
1,23,16384,7.03
1,23,32768,12.03
1,23,65536,21.8
1,23,131072,41.42
1,23,262144,18.03
1,23,524288,32.98
1,23,1048576,68.51
2,3,1,0.2
2,3,2,0.2
2,3,4,0.2
2,3,8,0.2
2,3,16,0.2
2,3,32,0.25
2,3,64,0.24
2,3,128,0.33
2,3,256,0.37
2,3,512,0.45
2,3,1024,0.54
2,3,2048,0.76
2,3,4096,1.21
2,3,8192,2.06
2,3,16384,3.18
2,3,32768,5.05
2,3,65536,8.63
2,3,131072,15.4
2,3,262144,17.2
2,3,524288,32.28
2,3,1048576,67.91
2,4,1,0.22
2,4,2,0.21
2,4,4,0.2
2,4,8,0.2
2,4,16,0.19
2,4,32,0.23
2,4,64,0.23
2,4,128,0.33
2,4,256,0.37
2,4,512,0.44
2,4,1024,0.54
2,4,2048,0.75
2,4,4096,1.2
2,4,8192,2.02
2,4,16384,3.13
2,4,32768,4.91
2,4,65536,8.36
2,4,131072,14.77
2,4,262144,17.21
2,4,524288,31.88
2,4,1048576,66.26
2,5,1,0.23
2,5,2,0.22
2,5,4,0.21
2,5,8,0.2
2,5,16,0.2
2,5,32,0.24
2,5,64,0.23
2,5,128,0.33
2,5,256,0.36
2,5,512,0.42
2,5,1024,0.54
2,5,2048,0.74
2,5,4096,1.19
2,5,8192,2.03
2,5,16384,3.14
2,5,32768,4.92
2,5,65536,8.28
2,5,131072,14.72
2,5,262144,16.97
2,5,524288,31.83
2,5,1048576,65.45
2,6,1,0.19
2,6,2,0.19
2,6,4,0.19
2,6,8,0.19
2,6,16,0.19
2,6,32,0.24
2,6,64,0.23
2,6,128,0.33
2,6,256,0.36
2,6,512,0.43
2,6,1024,0.54
2,6,2048,0.75
2,6,4096,1.2
2,6,8192,2.02
2,6,16384,3.14
2,6,32768,4.94
2,6,65536,8.34
2,6,131072,14.96
2,6,262144,17.14
2,6,524288,32.28
2,6,1048576,68.48
2,7,1,0.2
2,7,2,0.19
2,7,4,0.19
2,7,8,0.19
2,7,16,0.19
2,7,32,0.23
2,7,64,0.23
2,7,128,0.33
2,7,256,0.36
2,7,512,0.44
2,7,1024,0.54
2,7,2048,0.75
2,7,4096,1.2
2,7,8192,2.02
2,7,16384,3.13
2,7,32768,4.95
2,7,65536,8.35
2,7,131072,14.86
2,7,262144,17.11
2,7,524288,32.19
2,7,1048576,66.92
2,8,1,0.19
2,8,2,0.19
2,8,4,0.19
2,8,8,0.19
2,8,16,0.19
2,8,32,0.23
2,8,64,0.23
2,8,128,0.32
2,8,256,0.37
2,8,512,0.43
2,8,1024,0.54
2,8,2048,0.75
2,8,4096,1.2
2,8,8192,2.03
2,8,16384,3.15
2,8,32768,4.96
2,8,65536,8.37
2,8,131072,14.96
2,8,262144,17.17
2,8,524288,32.53
2,8,1048576,69.64
2,9,1,0.22
2,9,2,0.21
2,9,4,0.2
2,9,8,0.2
2,9,16,0.19
2,9,32,0.23
2,9,64,0.23
2,9,128,0.33
2,9,256,0.37
2,9,512,0.44
2,9,1024,0.54
2,9,2048,0.75
2,9,4096,1.2
2,9,8192,2.03
2,9,16384,3.14
2,9,32768,4.94
2,9,65536,8.3
2,9,131072,14.78
2,9,262144,17.08
2,9,524288,32.09
2,9,1048576,65.99
2,10,1,0.19
2,10,2,0.19
2,10,4,0.19
2,10,8,0.19
2,10,16,0.19
2,10,32,0.23
2,10,64,0.23
2,10,128,0.32
2,10,256,0.37
2,10,512,0.43
2,10,1024,0.54
2,10,2048,0.74
2,10,4096,1.19
2,10,8192,2.01
2,10,16384,3.1
2,10,32768,4.9
2,10,65536,8.24
2,10,131072,14.73
2,10,262144,16.96
2,10,524288,31.88
2,10,1048576,66.84
2,11,1,0.19
2,11,2,0.19
2,11,4,0.19
2,11,8,0.19
2,11,16,0.19
2,11,32,0.23
2,11,64,0.23
2,11,128,0.33
2,11,256,0.37
2,11,512,0.43
2,11,1024,0.54
2,11,2048,0.75
2,11,4096,1.2
2,11,8192,2.04
2,11,16384,3.17
2,11,32768,5.02
2,11,65536,8.54
2,11,131072,15.2
2,11,262144,17.03
2,11,524288,32.11
2,11,1048576,67.19
2,12,1,0.45
2,12,2,0.41
2,12,4,0.41
2,12,8,0.41
2,12,16,0.41
2,12,32,0.56
2,12,64,0.55
2,12,128,0.99
2,12,256,1.06
2,12,512,1.23
2,12,1024,1.46
2,12,2048,1.99
2,12,4096,2.77
2,12,8192,4.43
2,12,16384,7.11
2,12,32768,12.15
2,12,65536,22.24
2,12,131072,42.12
2,12,262144,18.29
2,12,524288,33.55
2,12,1048576,70.01
2,13,1,0.46
2,13,2,0.44
2,13,4,0.43
2,13,8,0.42
2,13,16,0.41
2,13,32,0.56
2,13,64,0.56
2,13,128,0.97
2,13,256,1.11
2,13,512,1.27
2,13,1024,1.47
2,13,2048,1.99
2,13,4096,2.81
2,13,8192,4.35
2,13,16384,7.11
2,13,32768,12.1
2,13,65536,22.19
2,13,131072,42.37
2,13,262144,18.03
2,13,524288,33.71
2,13,1048576,69.87
2,14,1,0.43
2,14,2,0.4
2,14,4,0.4
2,14,8,0.4
2,14,16,0.4
2,14,32,0.56
2,14,64,0.56
2,14,128,0.93
2,14,256,1.03
2,14,512,1.23
2,14,1024,1.47
2,14,2048,1.99
2,14,4096,2.76
2,14,8192,4.34
2,14,16384,7.07
2,14,32768,12.05
2,14,65536,21.9
2,14,131072,41.81
2,14,262144,18.24
2,14,524288,33.36
2,14,1048576,69.33
2,15,1,0.43
2,15,2,0.42
2,15,4,0.42
2,15,8,0.41
2,15,16,0.41
2,15,32,0.62
2,15,64,0.52
2,15,128,0.88
2,15,256,1.0
2,15,512,1.2
2,15,1024,1.36
2,15,2048,1.67
2,15,4096,2.47
2,15,8192,3.75
2,15,16384,5.79
2,15,32768,9.79
2,15,65536,17.74
2,15,131072,33.57
2,15,262144,18.18
2,15,524288,33.43
2,15,1048576,69.82
2,16,1,0.43
2,16,2,0.42
2,16,4,0.41
2,16,8,0.41
2,16,16,0.41
2,16,32,0.61
2,16,64,0.54
2,16,128,0.93
2,16,256,0.99
2,16,512,1.2
2,16,1024,1.36
2,16,2048,1.66
2,16,4096,2.45
2,16,8192,3.72
2,16,16384,5.77
2,16,32768,9.75
2,16,65536,17.66
2,16,131072,33.46
2,16,262144,18.09
2,16,524288,33.2
2,16,1048576,67.88
2,17,1,0.47
2,17,2,0.45
2,17,4,0.43
2,17,8,0.42
2,17,16,0.41
2,17,32,0.56
2,17,64,0.55
2,17,128,0.94
2,17,256,1.05
2,17,512,1.23
2,17,1024,1.45
2,17,2048,1.97
2,17,4096,2.77
2,17,8192,4.3
2,17,16384,7.0
2,17,32768,11.89
2,17,65536,21.76
2,17,131072,40.95
2,17,262144,18.05
2,17,524288,32.57
2,17,1048576,68.78
2,18,1,0.47
2,18,2,0.45
2,18,4,0.44
2,18,8,0.42
2,18,16,0.41
2,18,32,0.56
2,18,64,0.55
2,18,128,0.96
2,18,256,1.05
2,18,512,1.23
2,18,1024,1.46
2,18,2048,1.99
2,18,4096,2.77
2,18,8192,4.35
2,18,16384,7.12
2,18,32768,12.16
2,18,65536,22.25
2,18,131072,42.28
2,18,262144,18.1
2,18,524288,33.21
2,18,1048576,69.06
2,19,1,0.44
2,19,2,0.43
2,19,4,0.42
2,19,8,0.41
2,19,16,0.4
2,19,32,0.56
2,19,64,0.56
2,19,128,1.0
2,19,256,1.09
2,19,512,1.27
2,19,1024,1.47
2,19,2048,1.99
2,19,4096,2.81
2,19,8192,4.36
2,19,16384,7.14
2,19,32768,12.14
2,19,65536,22.21
2,19,131072,42.16
2,19,262144,18.2
2,19,524288,33.36
2,19,1048576,68.34
2,20,1,0.43
2,20,2,0.41
2,20,4,0.4
2,20,8,0.4
2,20,16,0.4
2,20,32,0.57
2,20,64,0.52
2,20,128,0.88
2,20,256,0.98
2,20,512,1.16
2,20,1024,1.36
2,20,2048,1.67
2,20,4096,2.48
2,20,8192,3.74
2,20,16384,5.76
2,20,32768,9.81
2,20,65536,17.74
2,20,131072,33.61
2,20,262144,18.39
2,20,524288,33.56
2,20,1048576,69.11
2,21,1,0.41
2,21,2,0.41
2,21,4,0.41
2,21,8,0.41
2,21,16,0.41
2,21,32,0.63
2,21,64,0.55
2,21,128,0.88
2,21,256,0.99
2,21,512,1.18
2,21,1024,1.35
2,21,2048,1.67
2,21,4096,2.46
2,21,8192,3.74
2,21,16384,5.83
2,21,32768,9.78
2,21,65536,17.74
2,21,131072,33.62
2,21,262144,18.17
2,21,524288,33.41
2,21,1048576,68.83
2,22,1,0.43
2,22,2,0.42
2,22,4,0.41
2,22,8,0.4
2,22,16,0.4
2,22,32,0.56
2,22,64,0.55
2,22,128,0.97
2,22,256,1.08
2,22,512,1.26
2,22,1024,1.45
2,22,2048,1.97
2,22,4096,2.76
2,22,8192,4.31
2,22,16384,7.02
2,22,32768,11.98
2,22,65536,21.86
2,22,131072,41.78
2,22,262144,18.44
2,22,524288,33.0
2,22,1048576,69.05
2,23,1,0.47
2,23,2,0.46
2,23,4,0.44
2,23,8,0.42
2,23,16,0.41
2,23,32,0.56
2,23,64,0.54
2,23,128,0.95
2,23,256,1.05
2,23,512,1.24
2,23,1024,1.45
2,23,2048,1.98
2,23,4096,2.76
2,23,8192,4.32
2,23,16384,7.07
2,23,32768,12.05
2,23,65536,21.95
2,23,131072,41.62
2,23,262144,18.04
2,23,524288,32.94
2,23,1048576,68.91
3,4,1,0.21
3,4,2,0.19
3,4,4,0.19
3,4,8,0.19
3,4,16,0.19
3,4,32,0.23
3,4,64,0.23
3,4,128,0.34
3,4,256,0.38
3,4,512,0.44
3,4,1024,0.54
3,4,2048,0.75
3,4,4096,1.2
3,4,8192,2.03
3,4,16384,3.14
3,4,32768,4.94
3,4,65536,8.36
3,4,131072,14.89
3,4,262144,17.28
3,4,524288,32.23
3,4,1048576,68.2
3,5,1,0.19
3,5,2,0.19
3,5,4,0.19
3,5,8,0.19
3,5,16,0.19
3,5,32,0.24
3,5,64,0.24
3,5,128,0.33
3,5,256,0.37
3,5,512,0.44
3,5,1024,0.54
3,5,2048,0.76
3,5,4096,1.2
3,5,8192,2.03
3,5,16384,3.14
3,5,32768,4.94
3,5,65536,8.34
3,5,131072,14.9
3,5,262144,17.11
3,5,524288,32.17
3,5,1048576,67.56
3,6,1,0.2
3,6,2,0.19
3,6,4,0.2
3,6,8,0.19
3,6,16,0.2
3,6,32,0.23
3,6,64,0.23
3,6,128,0.33
3,6,256,0.38
3,6,512,0.45
3,6,1024,0.55
3,6,2048,0.76
3,6,4096,1.21
3,6,8192,2.04
3,6,16384,3.16
3,6,32768,4.98
3,6,65536,8.42
3,6,131072,15.02
3,6,262144,17.34
3,6,524288,32.62
3,6,1048576,68.26
3,7,1,0.2
3,7,2,0.2
3,7,4,0.19
3,7,8,0.19
3,7,16,0.19
3,7,32,0.24
3,7,64,0.24
3,7,128,0.34
3,7,256,0.37
3,7,512,0.45
3,7,1024,0.55
3,7,2048,0.77
3,7,4096,1.21
3,7,8192,2.05
3,7,16384,3.17
3,7,32768,4.99
3,7,65536,8.44
3,7,131072,15.11
3,7,262144,17.39
3,7,524288,32.69
3,7,1048576,68.87
3,8,1,0.2
3,8,2,0.19
3,8,4,0.19
3,8,8,0.19
3,8,16,0.19
3,8,32,0.24
3,8,64,0.23
3,8,128,0.32
3,8,256,0.37
3,8,512,0.44
3,8,1024,0.54
3,8,2048,0.75
3,8,4096,1.2
3,8,8192,2.04
3,8,16384,3.22
3,8,32768,4.96
3,8,65536,8.43
3,8,131072,15.05
3,8,262144,17.52
3,8,524288,32.91
3,8,1048576,69.28
3,9,1,0.21
3,9,2,0.21
3,9,4,0.21
3,9,8,0.21
3,9,16,0.2
3,9,32,0.25
3,9,64,0.24
3,9,128,0.34
3,9,256,0.37
3,9,512,0.44
3,9,1024,0.53
3,9,2048,0.75
3,9,4096,1.2
3,9,8192,2.05
3,9,16384,3.16
3,9,32768,4.97
3,9,65536,8.41
3,9,131072,14.99
3,9,262144,17.27
3,9,524288,32.41
3,9,1048576,68.14
3,10,1,0.19
3,10,2,0.19
3,10,4,0.19
3,10,8,0.19
3,10,16,0.19
3,10,32,0.23
3,10,64,0.23
3,10,128,0.33
3,10,256,0.37
3,10,512,0.44
3,10,1024,0.54
3,10,2048,0.75
3,10,4096,1.19
3,10,8192,2.03
3,10,16384,3.12
3,10,32768,4.95
3,10,65536,8.34
3,10,131072,14.89
3,10,262144,17.03
3,10,524288,32.11
3,10,1048576,68.07
3,11,1,0.2
3,11,2,0.2
3,11,4,0.19
3,11,8,0.19
3,11,16,0.19
3,11,32,0.24
3,11,64,0.24
3,11,128,0.33
3,11,256,0.37
3,11,512,0.43
3,11,1024,0.55
3,11,2048,0.75
3,11,4096,1.21
3,11,8192,2.05
3,11,16384,3.18
3,11,32768,5.06
3,11,65536,8.61
3,11,131072,15.38
3,11,262144,17.32
3,11,524288,32.33
3,11,1048576,67.73
3,12,1,0.46
3,12,2,0.45
3,12,4,0.43
3,12,8,0.42
3,12,16,0.41
3,12,32,0.56
3,12,64,0.55
3,12,128,0.96
3,12,256,1.04
3,12,512,1.23
3,12,1024,1.46
3,12,2048,2.0
3,12,4096,2.81
3,12,8192,4.37
3,12,16384,7.12
3,12,32768,12.1
3,12,65536,21.99
3,12,131072,41.77
3,12,262144,18.3
3,12,524288,33.85
3,12,1048576,69.93
3,13,1,0.41
3,13,2,0.41
3,13,4,0.41
3,13,8,0.41
3,13,16,0.41
3,13,32,0.6
3,13,64,0.53
3,13,128,0.92
3,13,256,0.97
3,13,512,1.18
3,13,1024,1.38
3,13,2048,1.69
3,13,4096,2.48
3,13,8192,3.79
3,13,16384,5.86
3,13,32768,9.87
3,13,65536,17.87
3,13,131072,33.96
3,13,262144,18.42
3,13,524288,33.73
3,13,1048576,68.48
3,14,1,0.4
3,14,2,0.4
3,14,4,0.41
3,14,8,0.4
3,14,16,0.41
3,14,32,0.59
3,14,64,0.53
3,14,128,0.88
3,14,256,1.01
3,14,512,1.2
3,14,1024,1.37
3,14,2048,1.68
3,14,4096,2.46
3,14,8192,3.75
3,14,16384,5.8
3,14,32768,9.86
3,14,65536,17.85
3,14,131072,33.89
3,14,262144,18.43
3,14,524288,33.73
3,14,1048576,70.96
3,15,1,0.46
3,15,2,0.45
3,15,4,0.43
3,15,8,0.42
3,15,16,0.41
3,15,32,0.56
3,15,64,0.54
3,15,128,0.96
3,15,256,1.03
3,15,512,1.26
3,15,1024,1.46
3,15,2048,2.01
3,15,4096,2.83
3,15,8192,4.36
3,15,16384,7.12
3,15,32768,12.19
3,15,65536,22.23
3,15,131072,42.06
3,15,262144,18.74
3,15,524288,34.28
3,15,1048576,71.15
3,16,1,0.51
3,16,2,0.47
3,16,4,0.45
3,16,8,0.43
3,16,16,0.42
3,16,32,0.57
3,16,64,0.56
3,16,128,0.96
3,16,256,1.08
3,16,512,1.23
3,16,1024,10.97
3,16,2048,1.81
3,16,4096,2.67
3,16,8192,3.94
3,16,16384,6.1
3,16,32768,10.36
3,16,65536,18.88
3,16,131072,35.84
3,16,262144,18.19
3,16,524288,33.5
3,16,1048576,70.15
3,17,1,0.47
3,17,2,0.46
3,17,4,0.45
3,17,8,0.43
3,17,16,0.42
3,17,32,0.56
3,17,64,0.54
3,17,128,1.0
3,17,256,1.05
3,17,512,1.24
3,17,1024,1.46
3,17,2048,1.99
3,17,4096,2.82
3,17,8192,4.35
3,17,16384,7.11
3,17,32768,12.13
3,17,65536,22.05
3,17,131072,41.99
3,17,262144,17.93
3,17,524288,32.91
3,17,1048576,69.52
3,18,1,0.49
3,18,2,0.46
3,18,4,0.44
3,18,8,0.42
3,18,16,0.41
3,18,32,0.58
3,18,64,0.55
3,18,128,0.95
3,18,256,1.0
3,18,512,1.24
3,18,1024,1.47
3,18,2048,1.99
3,18,4096,2.8
3,18,8192,4.37
3,18,16384,7.14
3,18,32768,12.15
3,18,65536,22.14
3,18,131072,42.29
3,18,262144,18.44
3,18,524288,33.57
3,18,1048576,69.16
3,19,1,0.49
3,19,2,0.46
3,19,4,0.44
3,19,8,0.42
3,19,16,0.42
3,19,32,0.56
3,19,64,0.55
3,19,128,0.95
3,19,256,1.04
3,19,512,1.23
3,19,1024,1.47
3,19,2048,2.0
3,19,4096,2.84
3,19,8192,4.36
3,19,16384,7.09
3,19,32768,12.06
3,19,65536,22.0
3,19,131072,41.7
3,19,262144,18.65
3,19,524288,33.94
3,19,1048576,70.56
3,20,1,0.41
3,20,2,0.39
3,20,4,0.4
3,20,8,0.39
3,20,16,0.4
3,20,32,0.56
3,20,64,0.52
3,20,128,0.88
3,20,256,0.96
3,20,512,1.15
3,20,1024,1.35
3,20,2048,1.67
3,20,4096,2.47
3,20,8192,3.74
3,20,16384,5.78
3,20,32768,9.78
3,20,65536,17.74
3,20,131072,33.66
3,20,262144,18.45
3,20,524288,33.83
3,20,1048576,70.6
3,21,1,0.41
3,21,2,0.41
3,21,4,0.41
3,21,8,0.41
3,21,16,0.41
3,21,32,0.59
3,21,64,0.53
3,21,128,0.96
3,21,256,1.05
3,21,512,1.23
3,21,1024,1.37
3,21,2048,1.69
3,21,4096,2.48
3,21,8192,3.78
3,21,16384,5.83
3,21,32768,9.85
3,21,65536,17.85
3,21,131072,34.0
3,21,262144,18.15
3,21,524288,33.76
3,21,1048576,69.36
3,22,1,0.49
3,22,2,0.47
3,22,4,0.45
3,22,8,0.43
3,22,16,0.42
3,22,32,0.57
3,22,64,0.55
3,22,128,0.95
3,22,256,1.05
3,22,512,1.24
3,22,1024,1.63
3,22,2048,1.99
3,22,4096,2.8
3,22,8192,4.34
3,22,16384,7.11
3,22,32768,12.11
3,22,65536,22.12
3,22,131072,42.11
3,22,262144,17.92
3,22,524288,33.13
3,22,1048576,69.42
3,23,1,0.44
3,23,2,0.44
3,23,4,0.43
3,23,8,0.41
3,23,16,0.41
3,23,32,0.58
3,23,64,0.55
3,23,128,0.94
3,23,256,1.04
3,23,512,1.25
3,23,1024,1.46
3,23,2048,1.99
3,23,4096,2.8
3,23,8192,4.36
3,23,16384,7.12
3,23,32768,12.12
3,23,65536,22.14
3,23,131072,42.12
3,23,262144,18.14
3,23,524288,33.16
3,23,1048576,68.12
4,5,1,0.21
4,5,2,0.2
4,5,4,0.2
4,5,8,0.19
4,5,16,0.19
4,5,32,0.23
4,5,64,0.23
4,5,128,0.33
4,5,256,0.37
4,5,512,0.42
4,5,1024,0.54
4,5,2048,0.75
4,5,4096,1.19
4,5,8192,2.02
4,5,16384,3.13
4,5,32768,4.89
4,5,65536,8.24
4,5,131072,14.7
4,5,262144,17.04
4,5,524288,31.9
4,5,1048576,66.84
4,6,1,0.19
4,6,2,0.19
4,6,4,0.19
4,6,8,0.19
4,6,16,0.19
4,6,32,0.23
4,6,64,0.22
4,6,128,0.33
4,6,256,0.37
4,6,512,0.44
4,6,1024,0.54
4,6,2048,0.74
4,6,4096,1.19
4,6,8192,2.02
4,6,16384,3.19
4,6,32768,4.93
4,6,65536,8.33
4,6,131072,14.82
4,6,262144,17.14
4,6,524288,32.3
4,6,1048576,66.27
4,7,1,0.23
4,7,2,0.23
4,7,4,0.23
4,7,8,0.22
4,7,16,0.21
4,7,32,0.25
4,7,64,0.24
4,7,128,0.33
4,7,256,0.36
4,7,512,0.43
4,7,1024,0.54
4,7,2048,0.75
4,7,4096,1.19
4,7,8192,2.03
4,7,16384,3.17
4,7,32768,5.08
4,7,65536,8.57
4,7,131072,15.28
4,7,262144,17.14
4,7,524288,32.24
4,7,1048576,68.52
4,8,1,0.19
4,8,2,0.19
4,8,4,0.19
4,8,8,0.19
4,8,16,0.19
4,8,32,0.23
4,8,64,0.23
4,8,128,0.31
4,8,256,0.35
4,8,512,0.42
4,8,1024,0.54
4,8,2048,0.75
4,8,4096,1.2
4,8,8192,2.02
4,8,16384,3.15
4,8,32768,5.04
4,8,65536,8.38
4,8,131072,14.95
4,8,262144,17.33
4,8,524288,32.31
4,8,1048576,66.72
4,9,1,0.19
4,9,2,0.19
4,9,4,0.19
4,9,8,0.19
4,9,16,0.19
4,9,32,0.23
4,9,64,0.23
4,9,128,0.34
4,9,256,0.38
4,9,512,0.44
4,9,1024,0.54
4,9,2048,0.75
4,9,4096,1.2
4,9,8192,2.02
4,9,16384,3.13
4,9,32768,4.92
4,9,65536,8.31
4,9,131072,14.77
4,9,262144,17.19
4,9,524288,32.26
4,9,1048576,67.16
4,10,1,0.19
4,10,2,0.19
4,10,4,0.19
4,10,8,0.19
4,10,16,0.18
4,10,32,0.22
4,10,64,0.22
4,10,128,0.32
4,10,256,0.37
4,10,512,0.43
4,10,1024,0.54
4,10,2048,0.74
4,10,4096,1.19
4,10,8192,2.02
4,10,16384,3.13
4,10,32768,4.9
4,10,65536,8.26
4,10,131072,14.7
4,10,262144,17.03
4,10,524288,31.76
4,10,1048576,66.28
4,11,1,0.2
4,11,2,0.19
4,11,4,0.19
4,11,8,0.19
4,11,16,0.19
4,11,32,0.22
4,11,64,0.22
4,11,128,0.32
4,11,256,0.35
4,11,512,0.42
4,11,1024,0.53
4,11,2048,0.74
4,11,4096,1.19
4,11,8192,2.0
4,11,16384,3.13
4,11,32768,4.94
4,11,65536,8.32
4,11,131072,14.84
4,11,262144,17.19
4,11,524288,32.04
4,11,1048576,66.24
4,12,1,0.45
4,12,2,0.45
4,12,4,0.43
4,12,8,0.41
4,12,16,0.41
4,12,32,0.56
4,12,64,0.55
4,12,128,0.99
4,12,256,1.05
4,12,512,1.27
4,12,1024,1.46
4,12,2048,1.99
4,12,4096,2.76
4,12,8192,4.34
4,12,16384,7.12
4,12,32768,12.15
4,12,65536,22.18
4,12,131072,42.39
4,12,262144,18.2
4,12,524288,33.48
4,12,1048576,69.37
4,13,1,0.44
4,13,2,0.41
4,13,4,0.41
4,13,8,0.41
4,13,16,0.41
4,13,32,0.55
4,13,64,0.52
4,13,128,0.93
4,13,256,1.02
4,13,512,1.22
4,13,1024,1.37
4,13,2048,1.68
4,13,4096,2.45
4,13,8192,3.73
4,13,16384,5.74
4,13,32768,9.74
4,13,65536,17.64
4,13,131072,33.59
4,13,262144,18.55
4,13,524288,33.3
4,13,1048576,68.62
4,14,1,0.41
4,14,2,0.41
4,14,4,0.4
4,14,8,0.4
4,14,16,0.4
4,14,32,0.56
4,14,64,0.55
4,14,128,0.94
4,14,256,1.06
4,14,512,1.25
4,14,1024,1.46
4,14,2048,1.98
4,14,4096,2.77
4,14,8192,4.33
4,14,16384,7.09
4,14,32768,12.11
4,14,65536,21.98
4,14,131072,41.77
4,14,262144,18.18
4,14,524288,33.5
4,14,1048576,70.19
4,15,1,0.41
4,15,2,0.41
4,15,4,0.41
4,15,8,0.41
4,15,16,0.41
4,15,32,0.59
4,15,64,0.53
4,15,128,0.93
4,15,256,1.0
4,15,512,1.18
4,15,1024,1.36
4,15,2048,1.68
4,15,4096,2.47
4,15,8192,3.75
4,15,16384,5.79
4,15,32768,9.79
4,15,65536,17.73
4,15,131072,33.76
4,15,262144,18.15
4,15,524288,33.47
4,15,1048576,68.8
4,16,1,0.43
4,16,2,0.41
4,16,4,0.41
4,16,8,0.4
4,16,16,0.4
4,16,32,0.55
4,16,64,0.54
4,16,128,0.98
4,16,256,1.07
4,16,512,1.26
4,16,1024,1.46
4,16,2048,1.98
4,16,4096,2.76
4,16,8192,4.33
4,16,16384,7.07
4,16,32768,12.01
4,16,65536,21.95
4,16,131072,41.2
4,16,262144,17.86
4,16,524288,32.86
4,16,1048576,67.81
4,17,1,0.41
4,17,2,0.4
4,17,4,0.4
4,17,8,0.4
4,17,16,0.4
4,17,32,0.58
4,17,64,0.52
4,17,128,0.9
4,17,256,0.99
4,17,512,1.18
4,17,1024,1.35
4,17,2048,1.66
4,17,4096,2.46
4,17,8192,3.72
4,17,16384,5.73
4,17,32768,9.75
4,17,65536,17.61
4,17,131072,33.52
4,17,262144,18.07
4,17,524288,32.98
4,17,1048576,69.41
4,18,1,0.47
4,18,2,0.45
4,18,4,0.43
4,18,8,0.41
4,18,16,0.41
4,18,32,0.57
4,18,64,0.55
4,18,128,0.97
4,18,256,1.08
4,18,512,1.22
4,18,1024,1.45
4,18,2048,1.99
4,18,4096,2.77
4,18,8192,4.31
4,18,16384,7.04
4,18,32768,11.99
4,18,65536,21.88
4,18,131072,41.73
4,18,262144,18.18
4,18,524288,33.61
4,18,1048576,70.39
4,19,1,0.47
4,19,2,0.47
4,19,4,0.44
4,19,8,0.43
4,19,16,0.42
4,19,32,0.57
4,19,64,0.56
4,19,128,0.96
4,19,256,1.07
4,19,512,1.27
4,19,1024,1.46
4,19,2048,2.01
4,19,4096,2.82
4,19,8192,4.36
4,19,16384,7.14
4,19,32768,12.15
4,19,65536,22.24
4,19,131072,42.41
4,19,262144,18.38
4,19,524288,33.68
4,19,1048576,68.74
4,20,1,0.46
4,20,2,0.45
4,20,4,0.43
4,20,8,0.42
4,20,16,0.42
4,20,32,0.59
4,20,64,0.54
4,20,128,0.87
4,20,256,0.98
4,20,512,1.18
4,20,1024,1.36
4,20,2048,1.67
4,20,4096,2.47
4,20,8192,3.73
4,20,16384,5.76
4,20,32768,9.82
4,20,65536,17.62
4,20,131072,33.52
4,20,262144,18.4
4,20,524288,33.48
4,20,1048576,68.44
4,21,1,0.49
4,21,2,0.47
4,21,4,0.44
4,21,8,0.42
4,21,16,0.41
4,21,32,0.57
4,21,64,0.55
4,21,128,1.01
4,21,256,1.08
4,21,512,1.25
4,21,1024,1.45
4,21,2048,2.0
4,21,4096,2.8
4,21,8192,4.41
4,21,16384,7.07
4,21,32768,12.02
4,21,65536,21.72
4,21,131072,40.71
4,21,262144,18.16
4,21,524288,33.28
4,21,1048576,69.26
4,22,1,0.43
4,22,2,0.42
4,22,4,0.42
4,22,8,0.4
4,22,16,0.41
4,22,32,0.56
4,22,64,0.54
4,22,128,0.98
4,22,256,1.08
4,22,512,1.25
4,22,1024,1.44
4,22,2048,1.97
4,22,4096,2.77
4,22,8192,4.31
4,22,16384,7.04
4,22,32768,12.02
4,22,65536,21.88
4,22,131072,41.48
4,22,262144,17.85
4,22,524288,32.76
4,22,1048576,69.77
4,23,1,0.46
4,23,2,0.45
4,23,4,0.43
4,23,8,0.41
4,23,16,0.41
4,23,32,0.56
4,23,64,0.55
4,23,128,0.93
4,23,256,1.04
4,23,512,1.23
4,23,1024,1.44
4,23,2048,1.99
4,23,4096,2.76
4,23,8192,4.31
4,23,16384,7.02
4,23,32768,11.98
4,23,65536,21.85
4,23,131072,41.11
4,23,262144,17.94
4,23,524288,33.03
4,23,1048576,69.57
5,6,1,0.21
5,6,2,0.2
5,6,4,0.2
5,6,8,0.19
5,6,16,0.19
5,6,32,0.23
5,6,64,0.23
5,6,128,0.31
5,6,256,0.35
5,6,512,0.43
5,6,1024,0.53
5,6,2048,0.74
5,6,4096,1.19
5,6,8192,2.01
5,6,16384,3.13
5,6,32768,4.91
5,6,65536,8.27
5,6,131072,14.75
5,6,262144,17.04
5,6,524288,31.77
5,6,1048576,67.26
5,7,1,0.22
5,7,2,0.22
5,7,4,0.21
5,7,8,0.2
5,7,16,0.19
5,7,32,0.23
5,7,64,0.23
5,7,128,0.32
5,7,256,0.36
5,7,512,0.43
5,7,1024,0.54
5,7,2048,0.75
5,7,4096,1.2
5,7,8192,2.01
5,7,16384,3.12
5,7,32768,4.93
5,7,65536,8.32
5,7,131072,14.82
5,7,262144,17.02
5,7,524288,32.01
5,7,1048576,67.99
5,8,1,0.19
5,8,2,0.19
5,8,4,0.19
5,8,8,0.19
5,8,16,0.19
5,8,32,0.23
5,8,64,0.23
5,8,128,0.32
5,8,256,0.36
5,8,512,0.41
5,8,1024,0.54
5,8,2048,0.74
5,8,4096,1.19
5,8,8192,2.02
5,8,16384,3.13
5,8,32768,4.94
5,8,65536,8.33
5,8,131072,14.92
5,8,262144,17.16
5,8,524288,32.45
5,8,1048576,67.97
5,9,1,0.19
5,9,2,0.19
5,9,4,0.19
5,9,8,0.19
5,9,16,0.19
5,9,32,0.24
5,9,64,0.23
5,9,128,0.33
5,9,256,0.37
5,9,512,0.42
5,9,1024,0.53
5,9,2048,0.75
5,9,4096,1.2
5,9,8192,2.02
5,9,16384,3.13
5,9,32768,4.91
5,9,65536,8.28
5,9,131072,14.74
5,9,262144,17.24
5,9,524288,31.97
5,9,1048576,68.6
5,10,1,0.22
5,10,2,0.22
5,10,4,0.22
5,10,8,0.21
5,10,16,0.21
5,10,32,0.25
5,10,64,0.24
5,10,128,0.32
5,10,256,0.35
5,10,512,0.41
5,10,1024,0.53
5,10,2048,0.74
5,10,4096,1.19
5,10,8192,2.02
5,10,16384,3.15
5,10,32768,4.99
5,10,65536,8.46
5,10,131072,15.06
5,10,262144,16.9
5,10,524288,31.76
5,10,1048576,67.27
5,11,1,0.2
5,11,2,0.2
5,11,4,0.2
5,11,8,0.2
5,11,16,0.19
5,11,32,0.23
5,11,64,0.22
5,11,128,0.31
5,11,256,0.34
5,11,512,0.43
5,11,1024,0.53
5,11,2048,0.74
5,11,4096,1.19
5,11,8192,2.01
5,11,16384,3.11
5,11,32768,4.89
5,11,65536,8.25
5,11,131072,14.73
5,11,262144,16.82
5,11,524288,31.94
5,11,1048576,68.92
5,12,1,0.47
5,12,2,0.45
5,12,4,0.43
5,12,8,0.42
5,12,16,0.42
5,12,32,0.57
5,12,64,0.54
5,12,128,0.99
5,12,256,1.05
5,12,512,1.28
5,12,1024,1.46
5,12,2048,1.99
5,12,4096,2.79
5,12,8192,4.33
5,12,16384,7.11
5,12,32768,12.19
5,12,65536,22.14
5,12,131072,42.31
5,12,262144,18.12
5,12,524288,33.29
5,12,1048576,69.3
5,13,1,0.42
5,13,2,0.4
5,13,4,0.41
5,13,8,0.4
5,13,16,0.4
5,13,32,0.58
5,13,64,0.56
5,13,128,0.96
5,13,256,1.07
5,13,512,1.28
5,13,1024,1.46
5,13,2048,2.0
5,13,4096,2.81
5,13,8192,4.34
5,13,16384,7.12
5,13,32768,12.09
5,13,65536,22.03
5,13,131072,41.39
5,13,262144,17.96
5,13,524288,33.29
5,13,1048576,68.46
5,14,1,0.43
5,14,2,0.42
5,14,4,0.41
5,14,8,0.4
5,14,16,0.4
5,14,32,0.56
5,14,64,0.55
5,14,128,0.95
5,14,256,1.05
5,14,512,1.23
5,14,1024,1.45
5,14,2048,1.98
5,14,4096,2.78
5,14,8192,4.33
5,14,16384,7.07
5,14,32768,12.02
5,14,65536,21.92
5,14,131072,41.71
5,14,262144,18.0
5,14,524288,33.15
5,14,1048576,68.79
5,15,1,0.44
5,15,2,0.42
5,15,4,0.42
5,15,8,0.41
5,15,16,0.41
5,15,32,0.57
5,15,64,0.56
5,15,128,0.96
5,15,256,1.06
5,15,512,1.24
5,15,1024,1.46
5,15,2048,1.99
5,15,4096,2.8
5,15,8192,4.33
5,15,16384,7.03
5,15,32768,12.01
5,15,65536,21.97
5,15,131072,41.26
5,15,262144,18.1
5,15,524288,33.15
5,15,1048576,69.11
5,16,1,0.49
5,16,2,0.48
5,16,4,0.45
5,16,8,0.43
5,16,16,0.42
5,16,32,0.56
5,16,64,0.55
5,16,128,0.95
5,16,256,1.05
5,16,512,1.27
5,16,1024,1.46
5,16,2048,1.98
5,16,4096,2.79
5,16,8192,4.32
5,16,16384,7.05
5,16,32768,12.0
5,16,65536,21.93
5,16,131072,41.64
5,16,262144,18.04
5,16,524288,33.07
5,16,1048576,68.35
5,17,1,0.44
5,17,2,0.41
5,17,4,0.41
5,17,8,0.41
5,17,16,0.41
5,17,32,0.56
5,17,64,0.56
5,17,128,0.93
5,17,256,1.03
5,17,512,1.26
5,17,1024,1.46
5,17,2048,1.98
5,17,4096,2.78
5,17,8192,4.33
5,17,16384,7.06
5,17,32768,12.05
5,17,65536,22.0
5,17,131072,41.82
5,17,262144,17.82
5,17,524288,32.58
5,17,1048576,67.72
5,18,1,0.42
5,18,2,0.42
5,18,4,0.41
5,18,8,0.4
5,18,16,0.4
5,18,32,0.59
5,18,64,0.53
5,18,128,0.87
5,18,256,0.96
5,18,512,1.13
5,18,1024,1.36
5,18,2048,1.67
5,18,4096,2.47
5,18,8192,3.73
5,18,16384,5.75
5,18,32768,9.75
5,18,65536,17.65
5,18,131072,33.56
5,18,262144,17.99
5,18,524288,33.32
5,18,1048576,70.49
5,19,1,0.42
5,19,2,0.41
5,19,4,0.41
5,19,8,0.4
5,19,16,0.41
5,19,32,0.57
5,19,64,0.56
5,19,128,0.96
5,19,256,1.01
5,19,512,1.24
5,19,1024,1.47
5,19,2048,2.0
5,19,4096,2.83
5,19,8192,4.33
5,19,16384,7.03
5,19,32768,11.91
5,19,65536,21.58
5,19,131072,40.5
5,19,262144,18.03
5,19,524288,33.25
5,19,1048576,69.3
5,20,1,0.47
5,20,2,0.46
5,20,4,0.44
5,20,8,0.42
5,20,16,0.41
5,20,32,0.56
5,20,64,0.55
5,20,128,1.0
5,20,256,1.07
5,20,512,1.26
5,20,1024,1.45
5,20,2048,1.99
5,20,4096,2.79
5,20,8192,4.34
5,20,16384,7.09
5,20,32768,12.06
5,20,65536,21.94
5,20,131072,41.74
5,20,262144,18.09
5,20,524288,33.17
5,20,1048576,68.35
5,21,1,0.48
5,21,2,0.47
5,21,4,0.44
5,21,8,0.42
5,21,16,0.41
5,21,32,0.56
5,21,64,0.55
5,21,128,0.99
5,21,256,1.06
5,21,512,1.23
5,21,1024,1.47
5,21,2048,1.99
5,21,4096,2.8
5,21,8192,4.33
5,21,16384,7.08
5,21,32768,12.06
5,21,65536,21.93
5,21,131072,41.43
5,21,262144,17.74
5,21,524288,32.99
5,21,1048576,67.58
5,22,1,0.44
5,22,2,0.4
5,22,4,0.4
5,22,8,0.4
5,22,16,0.4
5,22,32,0.61
5,22,64,0.54
5,22,128,0.85
5,22,256,0.96
5,22,512,1.14
5,22,1024,1.35
5,22,2048,1.66
5,22,4096,2.45
5,22,8192,3.72
5,22,16384,5.75
5,22,32768,9.69
5,22,65536,17.53
5,22,131072,33.12
5,22,262144,17.84
5,22,524288,32.79
5,22,1048576,67.91
5,23,1,0.42
5,23,2,0.42
5,23,4,0.41
5,23,8,0.41
5,23,16,0.4
5,23,32,0.56
5,23,64,0.55
5,23,128,1.01
5,23,256,1.05
5,23,512,1.25
5,23,1024,1.46
5,23,2048,1.98
5,23,4096,2.79
5,23,8192,4.32
5,23,16384,7.03
5,23,32768,11.96
5,23,65536,21.79
5,23,131072,41.2
5,23,262144,17.96
5,23,524288,32.98
5,23,1048576,67.22
6,7,1,0.22
6,7,2,0.21
6,7,4,0.21
6,7,8,0.2
6,7,16,0.2
6,7,32,0.24
6,7,64,0.23
6,7,128,0.32
6,7,256,0.34
6,7,512,0.43
6,7,1024,0.54
6,7,2048,0.75
6,7,4096,1.2
6,7,8192,2.03
6,7,16384,3.15
6,7,32768,4.96
6,7,65536,8.43
6,7,131072,14.96
6,7,262144,17.36
6,7,524288,32.81
6,7,1048576,67.84
6,8,1,0.2
6,8,2,0.2
6,8,4,0.2
6,8,8,0.19
6,8,16,0.19
6,8,32,0.24
6,8,64,0.23
6,8,128,0.33
6,8,256,0.37
6,8,512,0.45
6,8,1024,0.54
6,8,2048,0.75
6,8,4096,1.2
6,8,8192,2.03
6,8,16384,3.16
6,8,32768,5.0
6,8,65536,8.43
6,8,131072,15.08
6,8,262144,17.29
6,8,524288,32.66
6,8,1048576,69.28
6,9,1,0.19
6,9,2,0.19
6,9,4,0.19
6,9,8,0.19
6,9,16,0.19
6,9,32,0.23
6,9,64,0.23
6,9,128,0.33
6,9,256,0.36
6,9,512,0.44
6,9,1024,0.54
6,9,2048,0.75
6,9,4096,1.2
6,9,8192,2.03
6,9,16384,3.16
6,9,32768,4.97
6,9,65536,8.37
6,9,131072,14.9
6,9,262144,17.2
6,9,524288,32.21
6,9,1048576,67.64
6,10,1,0.2
6,10,2,0.2
6,10,4,0.19
6,10,8,0.19
6,10,16,0.19
6,10,32,0.23
6,10,64,0.23
6,10,128,0.32
6,10,256,0.36
6,10,512,0.43
6,10,1024,0.54
6,10,2048,0.75
6,10,4096,1.19
6,10,8192,2.02
6,10,16384,3.15
6,10,32768,4.92
6,10,65536,8.31
6,10,131072,14.82
6,10,262144,17.08
6,10,524288,32.17
6,10,1048576,67.73
6,11,1,0.21
6,11,2,0.21
6,11,4,0.21
6,11,8,0.21
6,11,16,0.21
6,11,32,0.25
6,11,64,0.24
6,11,128,0.33
6,11,256,0.37
6,11,512,0.44
6,11,1024,0.54
6,11,2048,0.75
6,11,4096,1.19
6,11,8192,2.02
6,11,16384,3.15
6,11,32768,4.99
6,11,65536,8.33
6,11,131072,14.84
6,11,262144,17.3
6,11,524288,32.31
6,11,1048576,66.75
6,12,1,0.46
6,12,2,0.44
6,12,4,0.43
6,12,8,0.42
6,12,16,0.41
6,12,32,0.56
6,12,64,0.55
6,12,128,1.0
6,12,256,1.09
6,12,512,1.27
6,12,1024,1.46
6,12,2048,1.99
6,12,4096,2.78
6,12,8192,4.35
6,12,16384,7.12
6,12,32768,12.21
6,12,65536,22.21
6,12,131072,42.5
6,12,262144,18.44
6,12,524288,33.76
6,12,1048576,71.14
6,13,1,0.45
6,13,2,0.43
6,13,4,0.42
6,13,8,0.41
6,13,16,0.41
6,13,32,0.57
6,13,64,0.56
6,13,128,0.99
6,13,256,1.09
6,13,512,1.26
6,13,1024,1.46
6,13,2048,2.0
6,13,4096,2.8
6,13,8192,4.36
6,13,16384,7.12
6,13,32768,12.21
6,13,65536,22.18
6,13,131072,42.31
6,13,262144,18.01
6,13,524288,33.36
6,13,1048576,68.87
6,14,1,0.47
6,14,2,0.46
6,14,4,0.44
6,14,8,0.43
6,14,16,0.41
6,14,32,0.56
6,14,64,0.56
6,14,128,0.99
6,14,256,1.1
6,14,512,1.27
6,14,1024,1.45
6,14,2048,1.99
6,14,4096,2.78
6,14,8192,4.33
6,14,16384,7.1
6,14,32768,12.1
6,14,65536,21.94
6,14,131072,41.65
6,14,262144,18.05
6,14,524288,33.46
6,14,1048576,71.39
6,15,1,0.43
6,15,2,0.42
6,15,4,0.42
6,15,8,0.41
6,15,16,0.4
6,15,32,0.55
6,15,64,0.55
6,15,128,0.97
6,15,256,1.06
6,15,512,1.24
6,15,1024,1.47
6,15,2048,1.99
6,15,4096,2.8
6,15,8192,4.36
6,15,16384,7.11
6,15,32768,12.13
6,15,65536,22.09
6,15,131072,42.22
6,15,262144,18.11
6,15,524288,33.41
6,15,1048576,69.91
6,16,1,0.41
6,16,2,0.4
6,16,4,0.4
6,16,8,0.4
6,16,16,0.4
6,16,32,0.58
6,16,64,0.53
6,16,128,0.91
6,16,256,1.0
6,16,512,1.2
6,16,1024,1.36
6,16,2048,1.67
6,16,4096,2.46
6,16,8192,3.73
6,16,16384,5.76
6,16,32768,9.77
6,16,65536,17.67
6,16,131072,33.59
6,16,262144,18.24
6,16,524288,33.37
6,16,1048576,69.83
6,17,1,0.46
6,17,2,0.44
6,17,4,0.42
6,17,8,0.41
6,17,16,0.41
6,17,32,0.56
6,17,64,0.55
6,17,128,0.96
6,17,256,1.03
6,17,512,1.2
6,17,1024,1.45
6,17,2048,1.98
6,17,4096,2.78
6,17,8192,4.31
6,17,16384,7.02
6,17,32768,12.01
6,17,65536,21.8
6,17,131072,41.71
6,17,262144,18.02
6,17,524288,33.07
6,17,1048576,68.5
6,18,1,0.41
6,18,2,0.4
6,18,4,0.4
6,18,8,0.39
6,18,16,0.4
6,18,32,0.55
6,18,64,0.55
6,18,128,0.93
6,18,256,1.06
6,18,512,1.24
6,18,1024,1.44
6,18,2048,1.98
6,18,4096,2.78
6,18,8192,4.36
6,18,16384,7.11
6,18,32768,12.14
6,18,65536,22.22
6,18,131072,42.2
6,18,262144,18.31
6,18,524288,33.56
6,18,1048576,70.54
6,19,1,0.45
6,19,2,0.45
6,19,4,0.44
6,19,8,0.43
6,19,16,0.42
6,19,32,0.57
6,19,64,0.56
6,19,128,0.98
6,19,256,1.07
6,19,512,1.26
6,19,1024,1.47
6,19,2048,2.0
6,19,4096,2.81
6,19,8192,4.36
6,19,16384,7.15
6,19,32768,12.18
6,19,65536,22.16
6,19,131072,41.41
6,19,262144,18.29
6,19,524288,33.73
6,19,1048576,70.1
6,20,1,0.42
6,20,2,0.41
6,20,4,0.4
6,20,8,0.4
6,20,16,0.4
6,20,32,0.56
6,20,64,0.55
6,20,128,1.0
6,20,256,1.1
6,20,512,1.27
6,20,1024,1.45
6,20,2048,1.99
6,20,4096,2.77
6,20,8192,4.36
6,20,16384,7.13
6,20,32768,12.13
6,20,65536,22.1
6,20,131072,41.39
6,20,262144,18.39
6,20,524288,33.67
6,20,1048576,69.61
6,21,1,0.43
6,21,2,0.43
6,21,4,0.42
6,21,8,0.41
6,21,16,0.4
6,21,32,0.55
6,21,64,0.54
6,21,128,0.94
6,21,256,1.04
6,21,512,1.23
6,21,1024,1.45
6,21,2048,1.99
6,21,4096,2.79
6,21,8192,4.34
6,21,16384,7.13
6,21,32768,12.07
6,21,65536,21.99
6,21,131072,41.67
6,21,262144,18.3
6,21,524288,33.34
6,21,1048576,69.51
6,22,1,0.48
6,22,2,0.46
6,22,4,0.44
6,22,8,0.42
6,22,16,0.41
6,22,32,0.56
6,22,64,0.54
6,22,128,0.95
6,22,256,1.07
6,22,512,1.25
6,22,1024,1.45
6,22,2048,1.98
6,22,4096,2.77
6,22,8192,4.33
6,22,16384,7.08
6,22,32768,12.15
6,22,65536,22.03
6,22,131072,41.82
6,22,262144,17.95
6,22,524288,33.14
6,22,1048576,67.85
6,23,1,0.44
6,23,2,0.43
6,23,4,0.42
6,23,8,0.41
6,23,16,0.4
6,23,32,0.55
6,23,64,0.54
6,23,128,0.95
6,23,256,1.0
6,23,512,1.22
6,23,1024,1.44
6,23,2048,1.97
6,23,4096,2.76
6,23,8192,4.31
6,23,16384,7.04
6,23,32768,11.98
6,23,65536,21.8
6,23,131072,41.25
6,23,262144,17.99
6,23,524288,33.34
6,23,1048576,67.86
7,8,1,0.21
7,8,2,0.21
7,8,4,0.21
7,8,8,0.21
7,8,16,0.21
7,8,32,0.25
7,8,64,0.24
7,8,128,0.34
7,8,256,0.37
7,8,512,0.45
7,8,1024,0.55
7,8,2048,0.75
7,8,4096,1.21
7,8,8192,2.04
7,8,16384,3.17
7,8,32768,5.0
7,8,65536,8.44
7,8,131072,15.03
7,8,262144,17.51
7,8,524288,32.65
7,8,1048576,68.05
7,9,1,0.2
7,9,2,0.19
7,9,4,0.19
7,9,8,0.19
7,9,16,0.19
7,9,32,0.23
7,9,64,0.23
7,9,128,0.34
7,9,256,0.38
7,9,512,0.43
7,9,1024,0.54
7,9,2048,0.75
7,9,4096,1.2
7,9,8192,2.03
7,9,16384,3.16
7,9,32768,4.95
7,9,65536,8.38
7,9,131072,14.9
7,9,262144,17.26
7,9,524288,32.3
7,9,1048576,67.15
7,10,1,0.2
7,10,2,0.19
7,10,4,0.19
7,10,8,0.19
7,10,16,0.19
7,10,32,0.23
7,10,64,0.23
7,10,128,0.33
7,10,256,0.38
7,10,512,0.44
7,10,1024,0.54
7,10,2048,0.75
7,10,4096,1.2
7,10,8192,2.02
7,10,16384,3.13
7,10,32768,4.92
7,10,65536,8.32
7,10,131072,14.85
7,10,262144,17.23
7,10,524288,32.14
7,10,1048576,66.98
7,11,1,0.19
7,11,2,0.19
7,11,4,0.19
7,11,8,0.19
7,11,16,0.19
7,11,32,0.23
7,11,64,0.22
7,11,128,0.31
7,11,256,0.35
7,11,512,0.43
7,11,1024,0.53
7,11,2048,0.75
7,11,4096,1.19
7,11,8192,2.03
7,11,16384,3.14
7,11,32768,4.93
7,11,65536,8.34
7,11,131072,14.84
7,11,262144,17.11
7,11,524288,32.12
7,11,1048576,67.44
7,12,1,0.41
7,12,2,0.41
7,12,4,0.41
7,12,8,0.4
7,12,16,0.41
7,12,32,0.59
7,12,64,0.53
7,12,128,0.88
7,12,256,0.96
7,12,512,1.17
7,12,1024,1.37
7,12,2048,1.67
7,12,4096,2.47
7,12,8192,3.76
7,12,16384,5.83
7,12,32768,9.84
7,12,65536,17.82
7,12,131072,33.74
7,12,262144,18.46
7,12,524288,34.0
7,12,1048576,70.75
7,13,1,0.48
7,13,2,0.46
7,13,4,0.44
7,13,8,0.42
7,13,16,0.41
7,13,32,0.57
7,13,64,0.56
7,13,128,0.99
7,13,256,1.07
7,13,512,1.26
7,13,1024,1.47
7,13,2048,2.0
7,13,4096,2.84
7,13,8192,4.38
7,13,16384,7.13
7,13,32768,12.2
7,13,65536,22.2
7,13,131072,42.17
7,13,262144,18.06
7,13,524288,33.8
7,13,1048576,71.83
7,14,1,0.47
7,14,2,0.45
7,14,4,0.43
7,14,8,0.42
7,14,16,0.41
7,14,32,0.6
7,14,64,0.52
7,14,128,0.87
7,14,256,0.94
7,14,512,1.18
7,14,1024,1.36
7,14,2048,1.67
7,14,4096,2.47
7,14,8192,3.75
7,14,16384,5.81
7,14,32768,9.81
7,14,65536,17.8
7,14,131072,33.86
7,14,262144,18.35
7,14,524288,33.95
7,14,1048576,70.14
7,15,1,0.41
7,15,2,0.41
7,15,4,0.41
7,15,8,0.41
7,15,16,0.41
7,15,32,0.57
7,15,64,0.55
7,15,128,1.01
7,15,256,1.11
7,15,512,1.27
7,15,1024,1.47
7,15,2048,2.0
7,15,4096,2.83
7,15,8192,4.37
7,15,16384,7.16
7,15,32768,12.17
7,15,65536,22.22
7,15,131072,42.28
7,15,262144,18.36
7,15,524288,33.51
7,15,1048576,68.2
7,16,1,0.43
7,16,2,0.42
7,16,4,0.42
7,16,8,0.41
7,16,16,0.41
7,16,32,0.56
7,16,64,0.55
7,16,128,0.96
7,16,256,1.07
7,16,512,1.27
7,16,1024,1.46
7,16,2048,1.99
7,16,4096,2.81
7,16,8192,4.35
7,16,16384,7.1
7,16,32768,12.09
7,16,65536,22.08
7,16,131072,42.08
7,16,262144,18.06
7,16,524288,33.32
7,16,1048576,69.59
7,17,1,0.47
7,17,2,0.46
7,17,4,0.44
7,17,8,0.42
7,17,16,0.41
7,17,32,0.57
7,17,64,0.55
7,17,128,0.97
7,17,256,1.07
7,17,512,1.27
7,17,1024,1.47
7,17,2048,1.99
7,17,4096,2.81
7,17,8192,4.34
7,17,16384,7.1
7,17,32768,12.06
7,17,65536,22.03
7,17,131072,41.58
7,17,262144,18.11
7,17,524288,33.25
7,17,1048576,69.75
7,18,1,0.48
7,18,2,0.45
7,18,4,0.43
7,18,8,0.42
7,18,16,0.41
7,18,32,0.56
7,18,64,0.55
7,18,128,0.96
7,18,256,1.07
7,18,512,1.27
7,18,1024,1.48
7,18,2048,1.99
7,18,4096,2.8
7,18,8192,4.35
7,18,16384,7.08
7,18,32768,12.03
7,18,65536,21.89
7,18,131072,41.37
7,18,262144,18.43
7,18,524288,33.72
7,18,1048576,69.96
7,19,1,0.42
7,19,2,0.41
7,19,4,0.4
7,19,8,0.4
7,19,16,0.4
7,19,32,0.57
7,19,64,0.55
7,19,128,0.94
7,19,256,1.02
7,19,512,1.25
7,19,1024,1.46
7,19,2048,2.01
7,19,4096,2.84
7,19,8192,4.38
7,19,16384,7.16
7,19,32768,12.22
7,19,65536,22.24
7,19,131072,42.37
7,19,262144,22.34
7,19,524288,33.76
7,19,1048576,70.27
7,20,1,0.43
7,20,2,0.42
7,20,4,0.41
7,20,8,0.4
7,20,16,0.4
7,20,32,0.56
7,20,64,0.55
7,20,128,0.95
7,20,256,1.04
7,20,512,1.25
7,20,1024,1.47
7,20,2048,2.0
7,20,4096,2.81
7,20,8192,4.37
7,20,16384,7.13
7,20,32768,12.25
7,20,65536,22.26
7,20,131072,42.55
7,20,262144,18.31
7,20,524288,33.47
7,20,1048576,70.11
7,21,1,0.47
7,21,2,0.45
7,21,4,0.44
7,21,8,0.42
7,21,16,0.41
7,21,32,0.57
7,21,64,0.55
7,21,128,0.95
7,21,256,1.02
7,21,512,1.24
7,21,1024,1.48
7,21,2048,2.0
7,21,4096,2.82
7,21,8192,4.37
7,21,16384,7.14
7,21,32768,12.16
7,21,65536,22.16
7,21,131072,42.14
7,21,262144,18.22
7,21,524288,33.61
7,21,1048576,68.69
7,22,1,0.42
7,22,2,0.42
7,22,4,0.41
7,22,8,0.4
7,22,16,0.4
7,22,32,0.56
7,22,64,0.52
7,22,128,0.93
7,22,256,1.0
7,22,512,1.17
7,22,1024,1.36
7,22,2048,1.67
7,22,4096,2.45
7,22,8192,3.74
7,22,16384,5.77
7,22,32768,9.78
7,22,65536,17.71
7,22,131072,33.68
7,22,262144,18.09
7,22,524288,33.26
7,22,1048576,68.54
7,23,1,0.46
7,23,2,0.44
7,23,4,0.42
7,23,8,0.41
7,23,16,0.4
7,23,32,0.56
7,23,64,0.54
7,23,128,0.96
7,23,256,1.05
7,23,512,1.25
7,23,1024,1.45
7,23,2048,2.0
7,23,4096,2.81
7,23,8192,4.34
7,23,16384,7.08
7,23,32768,12.07
7,23,65536,22.02
7,23,131072,41.78
7,23,262144,18.21
7,23,524288,33.29
7,23,1048576,69.32
8,9,1,0.2
8,9,2,0.19
8,9,4,0.19
8,9,8,0.19
8,9,16,0.19
8,9,32,0.23
8,9,64,0.23
8,9,128,0.32
8,9,256,0.36
8,9,512,0.44
8,9,1024,0.55
8,9,2048,0.76
8,9,4096,1.2
8,9,8192,2.05
8,9,16384,3.2
8,9,32768,5.08
8,9,65536,8.6
8,9,131072,15.4
8,9,262144,17.21
8,9,524288,32.65
8,9,1048576,68.21
8,10,1,0.21
8,10,2,0.2
8,10,4,0.2
8,10,8,0.2
8,10,16,0.19
8,10,32,0.24
8,10,64,0.23
8,10,128,0.33
8,10,256,0.36
8,10,512,0.43
8,10,1024,0.55
8,10,2048,0.75
8,10,4096,1.2
8,10,8192,2.02
8,10,16384,3.14
8,10,32768,4.95
8,10,65536,8.35
8,10,131072,14.9
8,10,262144,17.4
8,10,524288,32.69
8,10,1048576,68.11
8,11,1,0.19
8,11,2,0.19
8,11,4,0.19
8,11,8,0.19
8,11,16,0.19
8,11,32,0.23
8,11,64,0.23
8,11,128,0.32
8,11,256,0.35
8,11,512,0.43
8,11,1024,0.54
8,11,2048,0.75
8,11,4096,1.2
8,11,8192,2.02
8,11,16384,3.15
8,11,32768,4.94
8,11,65536,8.37
8,11,131072,14.92
8,11,262144,17.24
8,11,524288,32.32
8,11,1048576,68.04
8,12,1,0.49
8,12,2,0.46
8,12,4,0.44
8,12,8,0.42
8,12,16,0.41
8,12,32,0.55
8,12,64,0.54
8,12,128,0.96
8,12,256,1.03
8,12,512,1.27
8,12,1024,1.47
8,12,2048,1.99
8,12,4096,2.79
8,12,8192,4.34
8,12,16384,7.11
8,12,32768,12.15
8,12,65536,22.23
8,12,131072,42.26
8,12,262144,18.37
8,12,524288,33.87
8,12,1048576,71.74
8,13,1,0.44
8,13,2,0.42
8,13,4,0.42
8,13,8,0.41
8,13,16,0.41
8,13,32,0.56
8,13,64,0.52
8,13,128,0.89
8,13,256,0.99
8,13,512,1.19
8,13,1024,1.37
8,13,2048,1.68
8,13,4096,2.48
8,13,8192,3.76
8,13,16384,5.82
8,13,32768,9.85
8,13,65536,17.88
8,13,131072,34.06
8,13,262144,18.4
8,13,524288,33.95
8,13,1048576,69.6
8,14,1,0.5
8,14,2,0.47
8,14,4,0.44
8,14,8,0.42
8,14,16,0.41
8,14,32,0.56
8,14,64,0.54
8,14,128,0.99
8,14,256,1.02
8,14,512,1.26
8,14,1024,1.47
8,14,2048,1.99
8,14,4096,2.79
8,14,8192,4.35
8,14,16384,7.1
8,14,32768,12.06
8,14,65536,21.81
8,14,131072,41.16
8,14,262144,18.29
8,14,524288,33.6
8,14,1048576,69.72
8,15,1,0.4
8,15,2,0.4
8,15,4,0.4
8,15,8,0.4
8,15,16,0.4
8,15,32,0.57
8,15,64,0.55
8,15,128,0.96
8,15,256,1.08
8,15,512,1.26
8,15,1024,1.45
8,15,2048,2.0
8,15,4096,2.8
8,15,8192,4.36
8,15,16384,7.13
8,15,32768,12.16
8,15,65536,22.18
8,15,131072,42.11
8,15,262144,19.25
8,15,524288,34.29
8,15,1048576,69.91
8,16,1,0.49
8,16,2,0.46
8,16,4,0.44
8,16,8,0.42
8,16,16,0.42
8,16,32,0.58
8,16,64,0.53
8,16,128,0.95
8,16,256,1.04
8,16,512,1.19
8,16,1024,1.37
8,16,2048,1.68
8,16,4096,2.48
8,16,8192,3.73
8,16,16384,5.8
8,16,32768,9.77
8,16,65536,17.65
8,16,131072,33.5
8,16,262144,18.42
8,16,524288,33.99
8,16,1048576,71.32
8,17,1,0.45
8,17,2,0.45
8,17,4,0.42
8,17,8,0.41
8,17,16,0.41
8,17,32,0.56
8,17,64,0.54
8,17,128,0.95
8,17,256,1.04
8,17,512,1.26
8,17,1024,1.46
8,17,2048,1.99
8,17,4096,2.79
8,17,8192,4.36
8,17,16384,7.13
8,17,32768,12.11
8,17,65536,22.01
8,17,131072,41.89
8,17,262144,18.19
8,17,524288,33.26
8,17,1048576,69.55
8,18,1,0.44
8,18,2,0.43
8,18,4,0.42
8,18,8,0.41
8,18,16,0.4
8,18,32,0.55
8,18,64,0.54
8,18,128,0.95
8,18,256,1.05
8,18,512,1.26
8,18,1024,1.45
8,18,2048,2.0
8,18,4096,2.78
8,18,8192,4.37
8,18,16384,7.13
8,18,32768,12.2
8,18,65536,22.11
8,18,131072,42.01
8,18,262144,18.39
8,18,524288,33.85
8,18,1048576,72.2
8,19,1,0.43
8,19,2,0.41
8,19,4,0.41
8,19,8,0.41
8,19,16,0.4
8,19,32,0.56
8,19,64,0.56
8,19,128,1.0
8,19,256,1.09
8,19,512,1.27
8,19,1024,1.47
8,19,2048,2.0
8,19,4096,2.83
8,19,8192,4.36
8,19,16384,7.11
8,19,32768,12.14
8,19,65536,22.08
8,19,131072,42.13
8,19,262144,18.27
8,19,524288,34.07
8,19,1048576,71.45
8,20,1,0.41
8,20,2,0.4
8,20,4,0.41
8,20,8,0.4
8,20,16,0.4
8,20,32,0.56
8,20,64,0.55
8,20,128,0.97
8,20,256,1.05
8,20,512,1.24
8,20,1024,1.46
8,20,2048,1.99
8,20,4096,2.78
8,20,8192,4.36
8,20,16384,7.09
8,20,32768,12.11
8,20,65536,22.04
8,20,131072,42.22
8,20,262144,18.4
8,20,524288,33.95
8,20,1048576,70.29
8,21,1,0.48
8,21,2,0.45
8,21,4,0.43
8,21,8,0.42
8,21,16,0.41
8,21,32,0.56
8,21,64,0.55
8,21,128,0.96
8,21,256,1.09
8,21,512,1.27
8,21,1024,1.47
8,21,2048,2.0
8,21,4096,2.82
8,21,8192,4.37
8,21,16384,7.14
8,21,32768,12.16
8,21,65536,22.16
8,21,131072,42.27
8,21,262144,18.53
8,21,524288,33.83
8,21,1048576,70.5
8,22,1,0.47
8,22,2,0.45
8,22,4,0.44
8,22,8,0.42
8,22,16,0.41
8,22,32,0.56
8,22,64,0.55
8,22,128,0.99
8,22,256,1.08
8,22,512,1.25
8,22,1024,1.45
8,22,2048,1.99
8,22,4096,2.8
8,22,8192,4.35
8,22,16384,7.09
8,22,32768,12.08
8,22,65536,22.07
8,22,131072,42.13
8,22,262144,18.24
8,22,524288,33.31
8,22,1048576,70.69
8,23,1,0.41
8,23,2,0.4
8,23,4,0.4
8,23,8,0.4
8,23,16,0.4
8,23,32,0.55
8,23,64,0.54
8,23,128,0.96
8,23,256,1.07
8,23,512,1.26
8,23,1024,1.47
8,23,2048,1.99
8,23,4096,2.78
8,23,8192,4.36
8,23,16384,7.14
8,23,32768,12.16
8,23,65536,22.24
8,23,131072,42.57
8,23,262144,18.25
8,23,524288,33.47
8,23,1048576,68.51
9,10,1,0.21
9,10,2,0.21
9,10,4,0.2
9,10,8,0.2
9,10,16,0.2
9,10,32,0.24
9,10,64,0.24
9,10,128,0.34
9,10,256,0.37
9,10,512,0.43
9,10,1024,0.54
9,10,2048,0.75
9,10,4096,1.2
9,10,8192,2.02
9,10,16384,3.14
9,10,32768,4.93
9,10,65536,8.29
9,10,131072,14.76
9,10,262144,17.27
9,10,524288,31.98
9,10,1048576,66.92
9,11,1,0.2
9,11,2,0.2
9,11,4,0.2
9,11,8,0.2
9,11,16,0.2
9,11,32,0.24
9,11,64,0.23
9,11,128,0.32
9,11,256,0.36
9,11,512,0.42
9,11,1024,0.54
9,11,2048,0.75
9,11,4096,1.19
9,11,8192,2.02
9,11,16384,3.12
9,11,32768,4.93
9,11,65536,8.3
9,11,131072,14.78
9,11,262144,17.08
9,11,524288,32.08
9,11,1048576,67.85
9,12,1,0.43
9,12,2,0.42
9,12,4,0.42
9,12,8,0.41
9,12,16,0.41
9,12,32,0.56
9,12,64,0.55
9,12,128,0.99
9,12,256,1.1
9,12,512,1.27
9,12,1024,1.47
9,12,2048,1.99
9,12,4096,2.79
9,12,8192,4.35
9,12,16384,7.12
9,12,32768,12.11
9,12,65536,22.08
9,12,131072,41.62
9,12,262144,18.29
9,12,524288,33.46
9,12,1048576,69.27
9,13,1,0.46
9,13,2,0.4
9,13,4,0.41
9,13,8,0.4
9,13,16,0.41
9,13,32,0.59
9,13,64,0.53
9,13,128,0.89
9,13,256,1.03
9,13,512,1.21
9,13,1024,1.38
9,13,2048,1.69
9,13,4096,2.47
9,13,8192,3.74
9,13,16384,5.8
9,13,32768,9.77
9,13,65536,17.69
9,13,131072,33.61
9,13,262144,18.18
9,13,524288,33.4
9,13,1048576,68.78
9,14,1,0.46
9,14,2,0.41
9,14,4,0.41
9,14,8,0.4
9,14,16,0.4
9,14,32,0.56
9,14,64,0.56
9,14,128,0.98
9,14,256,1.07
9,14,512,1.28
9,14,1024,1.46
9,14,2048,2.0
9,14,4096,2.8
9,14,8192,4.35
9,14,16384,7.09
9,14,32768,12.11
9,14,65536,22.1
9,14,131072,42.02
9,14,262144,18.34
9,14,524288,33.24
9,14,1048576,68.93
9,15,1,0.44
9,15,2,0.43
9,15,4,0.43
9,15,8,0.42
9,15,16,0.41
9,15,32,0.57
9,15,64,0.55
9,15,128,0.98
9,15,256,1.09
9,15,512,1.26
9,15,1024,1.46
9,15,2048,2.01
9,15,4096,2.81
9,15,8192,4.36
9,15,16384,7.1
9,15,32768,12.12
9,15,65536,22.13
9,15,131072,42.13
9,15,262144,18.19
9,15,524288,33.44
9,15,1048576,69.3
9,16,1,0.47
9,16,2,0.46
9,16,4,0.44
9,16,8,0.43
9,16,16,0.42
9,16,32,0.57
9,16,64,0.55
9,16,128,0.96
9,16,256,1.05
9,16,512,1.24
9,16,1024,1.46
9,16,2048,1.99
9,16,4096,2.8
9,16,8192,4.34
9,16,16384,7.06
9,16,32768,12.08
9,16,65536,22.02
9,16,131072,41.9
9,16,262144,17.95
9,16,524288,33.17
9,16,1048576,68.1
9,17,1,0.48
9,17,2,0.47
9,17,4,0.45
9,17,8,0.43
9,17,16,0.41
9,17,32,0.57
9,17,64,0.55
9,17,128,0.97
9,17,256,1.09
9,17,512,1.26
9,17,1024,1.46
9,17,2048,1.99
9,17,4096,2.79
9,17,8192,4.34
9,17,16384,7.06
9,17,32768,11.86
9,17,65536,21.47
9,17,131072,40.47
9,17,262144,18.02
9,17,524288,33.18
9,17,1048576,69.64
9,18,1,0.42
9,18,2,0.41
9,18,4,0.41
9,18,8,0.41
9,18,16,0.41
9,18,32,0.57
9,18,64,0.55
9,18,128,0.98
9,18,256,1.05
9,18,512,1.28
9,18,1024,1.48
9,18,2048,2.0
9,18,4096,2.79
9,18,8192,4.38
9,18,16384,7.12
9,18,32768,12.14
9,18,65536,22.11
9,18,131072,42.13
9,18,262144,18.24
9,18,524288,33.64
9,18,1048576,70.73
9,19,1,0.49
9,19,2,0.47
9,19,4,0.46
9,19,8,0.44
9,19,16,0.43
9,19,32,0.58
9,19,64,0.57
9,19,128,0.98
9,19,256,1.1
9,19,512,1.28
9,19,1024,1.48
9,19,2048,2.01
9,19,4096,2.83
9,19,8192,4.38
9,19,16384,7.14
9,19,32768,12.17
9,19,65536,22.2
9,19,131072,42.2
9,19,262144,18.22
9,19,524288,33.72
9,19,1048576,70.75
9,20,1,0.47
9,20,2,0.45
9,20,4,0.44
9,20,8,0.42
9,20,16,0.41
9,20,32,0.56
9,20,64,0.55
9,20,128,0.96
9,20,256,1.09
9,20,512,1.26
9,20,1024,1.47
9,20,2048,1.99
9,20,4096,2.78
9,20,8192,4.3
9,20,16384,7.05
9,20,32768,11.87
9,20,65536,21.35
9,20,131072,39.08
9,20,262144,18.36
9,20,524288,33.42
9,20,1048576,68.7
9,21,1,0.41
9,21,2,0.4
9,21,4,0.4
9,21,8,0.4
9,21,16,0.4
9,21,32,0.57
9,21,64,0.53
9,21,128,0.88
9,21,256,0.97
9,21,512,1.18
9,21,1024,1.37
9,21,2048,1.69
9,21,4096,2.47
9,21,8192,3.74
9,21,16384,5.78
9,21,32768,9.76
9,21,65536,17.71
9,21,131072,33.45
9,21,262144,18.23
9,21,524288,33.56
9,21,1048576,70.9
9,22,1,0.48
9,22,2,0.46
9,22,4,0.43
9,22,8,0.42
9,22,16,0.41
9,22,32,0.56
9,22,64,0.56
9,22,128,0.96
9,22,256,1.09
9,22,512,1.26
9,22,1024,1.46
9,22,2048,1.98
9,22,4096,2.78
9,22,8192,4.34
9,22,16384,7.08
9,22,32768,12.13
9,22,65536,21.79
9,22,131072,41.05
9,22,262144,17.98
9,22,524288,32.97
9,22,1048576,70.66
9,23,1,0.45
9,23,2,0.43
9,23,4,0.42
9,23,8,0.42
9,23,16,0.41
9,23,32,0.56
9,23,64,0.55
9,23,128,0.93
9,23,256,1.03
9,23,512,1.2
9,23,1024,1.46
9,23,2048,1.99
9,23,4096,2.8
9,23,8192,4.35
9,23,16384,7.09
9,23,32768,12.09
9,23,65536,22.09
9,23,131072,42.07
9,23,262144,18.03
9,23,524288,33.06
9,23,1048576,68.46
10,11,1,0.19
10,11,2,0.19
10,11,4,0.19
10,11,8,0.19
10,11,16,0.19
10,11,32,0.23
10,11,64,0.23
10,11,128,0.32
10,11,256,0.35
10,11,512,0.42
10,11,1024,0.53
10,11,2048,0.74
10,11,4096,1.19
10,11,8192,2.01
10,11,16384,3.11
10,11,32768,4.9
10,11,65536,8.24
10,11,131072,14.71
10,11,262144,16.94
10,11,524288,33.25
10,11,1048576,72.4
10,12,1,0.46
10,12,2,0.44
10,12,4,0.43
10,12,8,0.4
10,12,16,0.4
10,12,32,0.56
10,12,64,0.55
10,12,128,0.99
10,12,256,1.1
10,12,512,1.26
10,12,1024,1.47
10,12,2048,1.98
10,12,4096,2.77
10,12,8192,4.34
10,12,16384,7.08
10,12,32768,12.19
10,12,65536,22.19
10,12,131072,42.64
10,12,262144,18.01
10,12,524288,33.0
10,12,1048576,68.94
10,13,1,0.47
10,13,2,0.46
10,13,4,0.45
10,13,8,0.43
10,13,16,0.42
10,13,32,0.57
10,13,64,0.56
10,13,128,0.95
10,13,256,1.04
10,13,512,1.22
10,13,1024,1.46
10,13,2048,1.99
10,13,4096,2.8
10,13,8192,4.35
10,13,16384,7.08
10,13,32768,12.09
10,13,65536,22.09
10,13,131072,41.84
10,13,262144,17.86
10,13,524288,32.97
10,13,1048576,67.9
10,14,1,0.46
10,14,2,0.44
10,14,4,0.43
10,14,8,0.42
10,14,16,0.41
10,14,32,0.56
10,14,64,0.55
10,14,128,1.01
10,14,256,1.12
10,14,512,1.26
10,14,1024,1.45
10,14,2048,1.99
10,14,4096,2.77
10,14,8192,4.35
10,14,16384,7.1
10,14,32768,12.12
10,14,65536,22.14
10,14,131072,42.11
10,14,262144,18.01
10,14,524288,32.96
10,14,1048576,68.95
10,15,1,0.43
10,15,2,0.43
10,15,4,0.41
10,15,8,0.41
10,15,16,0.4
10,15,32,0.56
10,15,64,0.56
10,15,128,0.95
10,15,256,1.06
10,15,512,1.26
10,15,1024,1.47
10,15,2048,1.99
10,15,4096,2.78
10,15,8192,4.35
10,15,16384,7.11
10,15,32768,12.11
10,15,65536,22.13
10,15,131072,42.19
10,15,262144,18.05
10,15,524288,32.97
10,15,1048576,68.12
10,16,1,0.49
10,16,2,0.47
10,16,4,0.45
10,16,8,0.44
10,16,16,0.42
10,16,32,0.57
10,16,64,0.56
10,16,128,0.97
10,16,256,1.11
10,16,512,1.26
10,16,1024,1.46
10,16,2048,1.98
10,16,4096,2.75
10,16,8192,4.33
10,16,16384,7.05
10,16,32768,12.03
10,16,65536,22.0
10,16,131072,41.69
10,16,262144,17.95
10,16,524288,32.99
10,16,1048576,69.17
10,17,1,0.41
10,17,2,0.4
10,17,4,0.4
10,17,8,0.4
10,17,16,0.4
10,17,32,0.57
10,17,64,0.53
10,17,128,0.87
10,17,256,0.96
10,17,512,1.19
10,17,1024,1.37
10,17,2048,1.67
10,17,4096,2.45
10,17,8192,3.73
10,17,16384,5.75
10,17,32768,9.7
10,17,65536,17.57
10,17,131072,33.25
10,17,262144,18.1
10,17,524288,32.96
10,17,1048576,68.82
10,18,1,0.47
10,18,2,0.45
10,18,4,0.43
10,18,8,0.42
10,18,16,0.41
10,18,32,0.57
10,18,64,0.55
10,18,128,0.96
10,18,256,1.05
10,18,512,1.24
10,18,1024,1.45
10,18,2048,1.98
10,18,4096,2.78
10,18,8192,4.35
10,18,16384,7.1
10,18,32768,12.12
10,18,65536,22.12
10,18,131072,42.28
10,18,262144,17.96
10,18,524288,33.39
10,18,1048576,69.57
10,19,1,0.44
10,19,2,0.43
10,19,4,0.42
10,19,8,0.41
10,19,16,0.4
10,19,32,0.56
10,19,64,0.55
10,19,128,0.99
10,19,256,1.08
10,19,512,1.27
10,19,1024,1.47
10,19,2048,1.99
10,19,4096,2.81
10,19,8192,4.36
10,19,16384,7.17
10,19,32768,12.1
10,19,65536,22.03
10,19,131072,41.56
10,19,262144,18.16
10,19,524288,33.32
10,19,1048576,71.27
10,20,1,0.46
10,20,2,0.45
10,20,4,0.43
10,20,8,0.42
10,20,16,0.41
10,20,32,0.56
10,20,64,0.56
10,20,128,0.93
10,20,256,1.02
10,20,512,1.23
10,20,1024,1.44
10,20,2048,1.99
10,20,4096,2.77
10,20,8192,4.33
10,20,16384,7.11
10,20,32768,12.1
10,20,65536,22.0
10,20,131072,41.82
10,20,262144,17.94
10,20,524288,33.0
10,20,1048576,68.54
10,21,1,0.42
10,21,2,0.4
10,21,4,0.4
10,21,8,0.4
10,21,16,0.4
10,21,32,0.56
10,21,64,0.54
10,21,128,0.98
10,21,256,1.08
10,21,512,1.26
10,21,1024,1.46
10,21,2048,1.99
10,21,4096,2.78
10,21,8192,4.34
10,21,16384,7.05
10,21,32768,12.05
10,21,65536,21.78
10,21,131072,41.33
10,21,262144,18.11
10,21,524288,33.01
10,21,1048576,67.73
10,22,1,0.48
10,22,2,0.46
10,22,4,0.44
10,22,8,0.43
10,22,16,0.42
10,22,32,0.56
10,22,64,0.55
10,22,128,0.97
10,22,256,1.09
10,22,512,1.27
10,22,1024,1.45
10,22,2048,1.98
10,22,4096,2.76
10,22,8192,4.32
10,22,16384,7.06
10,22,32768,12.08
10,22,65536,21.94
10,22,131072,41.82
10,22,262144,17.87
10,22,524288,32.69
10,22,1048576,67.53
10,23,1,0.52
10,23,2,0.48
10,23,4,0.45
10,23,8,0.44
10,23,16,0.42
10,23,32,0.56
10,23,64,0.55
10,23,128,1.0
10,23,256,1.09
10,23,512,1.27
10,23,1024,1.46
10,23,2048,1.97
10,23,4096,2.76
10,23,8192,4.32
10,23,16384,7.05
10,23,32768,12.06
10,23,65536,21.81
10,23,131072,41.49
10,23,262144,17.88
10,23,524288,32.63
10,23,1048576,69.18
11,12,1,0.42
11,12,2,0.41
11,12,4,0.4
11,12,8,0.4
11,12,16,0.4
11,12,32,0.56
11,12,64,0.55
11,12,128,0.98
11,12,256,1.04
11,12,512,1.25
11,12,1024,1.47
11,12,2048,1.99
11,12,4096,2.78
11,12,8192,4.36
11,12,16384,7.12
11,12,32768,12.18
11,12,65536,22.18
11,12,131072,42.39
11,12,262144,18.27
11,12,524288,33.49
11,12,1048576,69.81
11,13,1,0.43
11,13,2,0.42
11,13,4,0.41
11,13,8,0.4
11,13,16,0.4
11,13,32,0.57
11,13,64,0.56
11,13,128,0.94
11,13,256,1.03
11,13,512,1.24
11,13,1024,1.45
11,13,2048,1.99
11,13,4096,2.82
11,13,8192,4.35
11,13,16384,7.08
11,13,32768,12.09
11,13,65536,22.05
11,13,131072,41.93
11,13,262144,18.17
11,13,524288,33.06
11,13,1048576,68.99
11,14,1,0.42
11,14,2,0.41
11,14,4,0.4
11,14,8,0.4
11,14,16,0.4
11,14,32,0.56
11,14,64,0.55
11,14,128,1.0
11,14,256,1.09
11,14,512,1.27
11,14,1024,1.46
11,14,2048,1.99
11,14,4096,2.78
11,14,8192,4.34
11,14,16384,7.13
11,14,32768,12.08
11,14,65536,22.1
11,14,131072,41.84
11,14,262144,18.02
11,14,524288,33.2
11,14,1048576,68.03
11,15,1,0.41
11,15,2,0.4
11,15,4,0.4
11,15,8,0.4
11,15,16,0.4
11,15,32,0.59
11,15,64,0.53
11,15,128,0.89
11,15,256,0.98
11,15,512,1.17
11,15,1024,1.37
11,15,2048,1.68
11,15,4096,2.46
11,15,8192,3.74
11,15,16384,5.79
11,15,32768,9.77
11,15,65536,17.78
11,15,131072,33.72
11,15,262144,18.23
11,15,524288,33.7
11,15,1048576,69.63
11,16,1,0.41
11,16,2,0.4
11,16,4,0.4
11,16,8,0.4
11,16,16,0.4
11,16,32,0.56
11,16,64,0.56
11,16,128,0.94
11,16,256,1.02
11,16,512,1.21
11,16,1024,1.46
11,16,2048,1.97
11,16,4096,2.79
11,16,8192,4.33
11,16,16384,7.07
11,16,32768,12.04
11,16,65536,22.04
11,16,131072,42.13
11,16,262144,18.0
11,16,524288,32.9
11,16,1048576,68.55
11,17,1,0.47
11,17,2,0.46
11,17,4,0.44
11,17,8,0.42
11,17,16,0.42
11,17,32,0.56
11,17,64,0.55
11,17,128,0.96
11,17,256,1.05
11,17,512,1.26
11,17,1024,1.45
11,17,2048,1.98
11,17,4096,2.78
11,17,8192,4.32
11,17,16384,7.08
11,17,32768,12.08
11,17,65536,21.95
11,17,131072,41.75
11,17,262144,18.02
11,17,524288,33.07
11,17,1048576,69.05
11,18,1,0.41
11,18,2,0.4
11,18,4,0.4
11,18,8,0.4
11,18,16,0.4
11,18,32,0.57
11,18,64,0.51
11,18,128,0.9
11,18,256,0.99
11,18,512,1.22
11,18,1024,1.36
11,18,2048,1.67
11,18,4096,2.47
11,18,8192,3.75
11,18,16384,5.78
11,18,32768,9.79
11,18,65536,17.69
11,18,131072,33.67
11,18,262144,18.08
11,18,524288,33.34
11,18,1048576,68.15
11,19,1,0.5
11,19,2,0.47
11,19,4,0.45
11,19,8,0.43
11,19,16,0.42
11,19,32,0.57
11,19,64,0.55
11,19,128,0.93
11,19,256,0.99
11,19,512,1.21
11,19,1024,1.46
11,19,2048,2.0
11,19,4096,2.82
11,19,8192,4.34
11,19,16384,7.12
11,19,32768,12.12
11,19,65536,22.14
11,19,131072,41.33
11,19,262144,18.23
11,19,524288,33.84
11,19,1048576,72.07
11,20,1,0.49
11,20,2,0.47
11,20,4,0.44
11,20,8,0.42
11,20,16,0.41
11,20,32,0.56
11,20,64,0.55
11,20,128,0.94
11,20,256,1.06
11,20,512,1.25
11,20,1024,1.45
11,20,2048,1.99
11,20,4096,2.78
11,20,8192,4.35
11,20,16384,7.11
11,20,32768,12.1
11,20,65536,22.17
11,20,131072,42.44
11,20,262144,18.07
11,20,524288,33.38
11,20,1048576,69.97
11,21,1,0.47
11,21,2,0.46
11,21,4,0.43
11,21,8,0.42
11,21,16,0.41
11,21,32,0.57
11,21,64,0.56
11,21,128,0.97
11,21,256,1.05
11,21,512,1.24
11,21,1024,1.47
11,21,2048,1.99
11,21,4096,2.8
11,21,8192,4.36
11,21,16384,7.13
11,21,32768,12.13
11,21,65536,22.02
11,21,131072,41.68
11,21,262144,18.23
11,21,524288,33.19
11,21,1048576,68.41
11,22,1,0.45
11,22,2,0.45
11,22,4,0.43
11,22,8,0.42
11,22,16,0.41
11,22,32,0.56
11,22,64,0.55
11,22,128,0.97
11,22,256,1.04
11,22,512,1.25
11,22,1024,1.46
11,22,2048,1.98
11,22,4096,2.78
11,22,8192,4.32
11,22,16384,7.05
11,22,32768,12.07
11,22,65536,22.01
11,22,131072,42.13
11,22,262144,17.99
11,22,524288,33.12
11,22,1048576,68.66
11,23,1,0.47
11,23,2,0.46
11,23,4,0.44
11,23,8,0.43
11,23,16,0.42
11,23,32,0.56
11,23,64,0.55
11,23,128,0.97
11,23,256,1.08
11,23,512,1.24
11,23,1024,1.47
11,23,2048,1.99
11,23,4096,2.8
11,23,8192,4.34
11,23,16384,7.07
11,23,32768,12.06
11,23,65536,21.91
11,23,131072,41.76
11,23,262144,17.95
11,23,524288,33.14
11,23,1048576,67.96
12,13,1,0.21
12,13,2,0.2
12,13,4,0.2
12,13,8,0.2
12,13,16,0.2
12,13,32,0.24
12,13,64,0.23
12,13,128,0.33
12,13,256,0.37
12,13,512,0.44
12,13,1024,0.55
12,13,2048,0.76
12,13,4096,1.21
12,13,8192,2.06
12,13,16384,3.22
12,13,32768,5.1
12,13,65536,8.72
12,13,131072,15.61
12,13,262144,17.62
12,13,524288,33.07
12,13,1048576,70.1
12,14,1,0.19
12,14,2,0.19
12,14,4,0.19
12,14,8,0.19
12,14,16,0.19
12,14,32,0.24
12,14,64,0.23
12,14,128,0.32
12,14,256,0.35
12,14,512,0.43
12,14,1024,0.54
12,14,2048,0.76
12,14,4096,1.21
12,14,8192,2.05
12,14,16384,3.17
12,14,32768,5.0
12,14,65536,8.48
12,14,131072,15.19
12,14,262144,17.61
12,14,524288,33.28
12,14,1048576,68.11
12,15,1,0.2
12,15,2,0.2
12,15,4,0.19
12,15,8,0.19
12,15,16,0.19
12,15,32,0.24
12,15,64,0.24
12,15,128,0.33
12,15,256,0.36
12,15,512,0.45
12,15,1024,0.55
12,15,2048,0.76
12,15,4096,1.21
12,15,8192,2.04
12,15,16384,3.17
12,15,32768,5.01
12,15,65536,8.51
12,15,131072,15.26
12,15,262144,17.62
12,15,524288,33.08
12,15,1048576,69.26
12,16,1,0.19
12,16,2,0.19
12,16,4,0.19
12,16,8,0.19
12,16,16,0.19
12,16,32,0.23
12,16,64,0.23
12,16,128,0.32
12,16,256,0.35
12,16,512,0.44
12,16,1024,0.54
12,16,2048,0.75
12,16,4096,1.2
12,16,8192,2.04
12,16,16384,3.15
12,16,32768,4.98
12,16,65536,8.43
12,16,131072,15.07
12,16,262144,17.44
12,16,524288,32.84
12,16,1048576,68.3
12,17,1,0.21
12,17,2,0.21
12,17,4,0.21
12,17,8,0.21
12,17,16,0.2
12,17,32,0.24
12,17,64,0.23
12,17,128,0.31
12,17,256,0.34
12,17,512,0.42
12,17,1024,0.54
12,17,2048,0.75
12,17,4096,1.2
12,17,8192,2.05
12,17,16384,3.19
12,17,32768,5.06
12,17,65536,8.64
12,17,131072,15.44
12,17,262144,17.51
12,17,524288,32.36
12,17,1048576,67.89
12,18,1,0.23
12,18,2,0.22
12,18,4,0.21
12,18,8,0.21
12,18,16,0.2
12,18,32,0.24
12,18,64,0.24
12,18,128,0.34
12,18,256,0.38
12,18,512,0.43
12,18,1024,0.55
12,18,2048,0.76
12,18,4096,1.21
12,18,8192,2.04
12,18,16384,3.17
12,18,32768,5.0
12,18,65536,8.5
12,18,131072,15.22
12,18,262144,17.88
12,18,524288,33.46
12,18,1048576,68.74
12,19,1,0.19
12,19,2,0.19
12,19,4,0.19
12,19,8,0.2
12,19,16,0.19
12,19,32,0.24
12,19,64,0.24
12,19,128,0.31
12,19,256,0.36
12,19,512,0.43
12,19,1024,0.55
12,19,2048,0.76
12,19,4096,1.21
12,19,8192,2.04
12,19,16384,3.18
12,19,32768,5.02
12,19,65536,8.53
12,19,131072,15.27
12,19,262144,17.89
12,19,524288,33.55
12,19,1048576,70.72
12,20,1,0.21
12,20,2,0.21
12,20,4,0.21
12,20,8,0.21
12,20,16,0.21
12,20,32,0.25
12,20,64,0.24
12,20,128,0.34
12,20,256,0.39
12,20,512,0.45
12,20,1024,0.55
12,20,2048,0.76
12,20,4096,1.21
12,20,8192,2.05
12,20,16384,3.18
12,20,32768,5.03
12,20,65536,8.52
12,20,131072,15.24
12,20,262144,17.82
12,20,524288,33.29
12,20,1048576,70.27
12,21,1,0.19
12,21,2,0.18
12,21,4,0.19
12,21,8,0.18
12,21,16,0.18
12,21,32,0.23
12,21,64,0.23
12,21,128,0.32
12,21,256,0.37
12,21,512,0.44
12,21,1024,0.54
12,21,2048,0.75
12,21,4096,1.2
12,21,8192,2.03
12,21,16384,3.14
12,21,32768,4.98
12,21,65536,8.42
12,21,131072,15.1
12,21,262144,17.59
12,21,524288,33.07
12,21,1048576,69.09
12,22,1,0.2
12,22,2,0.19
12,22,4,0.19
12,22,8,0.19
12,22,16,0.19
12,22,32,0.24
12,22,64,0.24
12,22,128,0.32
12,22,256,0.36
12,22,512,0.42
12,22,1024,0.54
12,22,2048,0.76
12,22,4096,1.21
12,22,8192,2.05
12,22,16384,3.19
12,22,32768,5.06
12,22,65536,8.67
12,22,131072,15.51
12,22,262144,17.45
12,22,524288,32.66
12,22,1048576,67.08
12,23,1,0.2
12,23,2,0.19
12,23,4,0.19
12,23,8,0.19
12,23,16,0.19
12,23,32,0.23
12,23,64,0.23
12,23,128,0.32
12,23,256,0.37
12,23,512,0.44
12,23,1024,0.55
12,23,2048,0.75
12,23,4096,1.21
12,23,8192,2.03
12,23,16384,3.15
12,23,32768,4.98
12,23,65536,8.43
12,23,131072,15.04
12,23,262144,17.89
12,23,524288,33.3
12,23,1048576,68.58
13,14,1,0.2
13,14,2,0.2
13,14,4,0.2
13,14,8,0.2
13,14,16,0.2
13,14,32,0.24
13,14,64,0.24
13,14,128,0.33
13,14,256,0.38
13,14,512,0.45
13,14,1024,0.55
13,14,2048,0.76
13,14,4096,1.21
13,14,8192,2.04
13,14,16384,3.14
13,14,32768,4.96
13,14,65536,8.4
13,14,131072,15.09
13,14,262144,17.65
13,14,524288,32.92
13,14,1048576,67.19
13,15,1,0.2
13,15,2,0.2
13,15,4,0.2
13,15,8,0.19
13,15,16,0.2
13,15,32,0.24
13,15,64,0.23
13,15,128,0.33
13,15,256,0.36
13,15,512,0.42
13,15,1024,0.55
13,15,2048,0.76
13,15,4096,1.21
13,15,8192,2.04
13,15,16384,3.17
13,15,32768,4.98
13,15,65536,8.42
13,15,131072,15.03
13,15,262144,17.56
13,15,524288,33.08
13,15,1048576,69.71
13,16,1,0.2
13,16,2,0.19
13,16,4,0.19
13,16,8,0.19
13,16,16,0.19
13,16,32,0.23
13,16,64,0.23
13,16,128,0.33
13,16,256,0.36
13,16,512,0.43
13,16,1024,0.54
13,16,2048,0.75
13,16,4096,1.2
13,16,8192,2.03
13,16,16384,3.15
13,16,32768,4.97
13,16,65536,8.36
13,16,131072,14.88
13,16,262144,17.51
13,16,524288,32.78
13,16,1048576,68.68
13,17,1,0.19
13,17,2,0.18
13,17,4,0.18
13,17,8,0.18
13,17,16,0.19
13,17,32,0.23
13,17,64,0.23
13,17,128,0.32
13,17,256,0.36
13,17,512,0.41
13,17,1024,0.54
13,17,2048,0.75
13,17,4096,1.21
13,17,8192,2.04
13,17,16384,3.16
13,17,32768,5.04
13,17,65536,8.58
13,17,131072,15.29
13,17,262144,17.35
13,17,524288,32.35
13,17,1048576,67.69
13,18,1,0.2
13,18,2,0.2
13,18,4,0.2
13,18,8,0.2
13,18,16,0.19
13,18,32,0.23
13,18,64,0.23
13,18,128,0.33
13,18,256,0.37
13,18,512,0.44
13,18,1024,0.53
13,18,2048,0.75
13,18,4096,1.21
13,18,8192,2.04
13,18,16384,3.17
13,18,32768,4.99
13,18,65536,8.43
13,18,131072,15.07
13,18,262144,17.58
13,18,524288,33.06
13,18,1048576,70.61
13,19,1,0.19
13,19,2,0.19
13,19,4,0.19
13,19,8,0.19
13,19,16,0.19
13,19,32,0.23
13,19,64,0.23
13,19,128,0.32
13,19,256,0.35
13,19,512,0.43
13,19,1024,0.54
13,19,2048,0.75
13,19,4096,1.21
13,19,8192,2.03
13,19,16384,3.16
13,19,32768,5.0
13,19,65536,8.45
13,19,131072,15.14
13,19,262144,17.72
13,19,524288,33.51
13,19,1048576,69.31
13,20,1,0.2
13,20,2,0.2
13,20,4,0.2
13,20,8,0.19
13,20,16,0.19
13,20,32,0.23
13,20,64,0.23
13,20,128,0.31
13,20,256,0.35
13,20,512,0.42
13,20,1024,0.53
13,20,2048,0.76
13,20,4096,1.21
13,20,8192,2.03
13,20,16384,3.14
13,20,32768,4.97
13,20,65536,8.44
13,20,131072,15.02
13,20,262144,17.52
13,20,524288,32.98
13,20,1048576,67.54
13,21,1,0.19
13,21,2,0.19
13,21,4,0.19
13,21,8,0.19
13,21,16,0.19
13,21,32,0.24
13,21,64,0.24
13,21,128,0.34
13,21,256,0.39
13,21,512,0.44
13,21,1024,0.55
13,21,2048,0.76
13,21,4096,1.2
13,21,8192,2.04
13,21,16384,3.17
13,21,32768,4.98
13,21,65536,8.42
13,21,131072,15.03
13,21,262144,17.53
13,21,524288,33.08
13,21,1048576,68.9
13,22,1,0.22
13,22,2,0.22
13,22,4,0.21
13,22,8,0.21
13,22,16,0.21
13,22,32,0.24
13,22,64,0.23
13,22,128,0.33
13,22,256,0.37
13,22,512,0.42
13,22,1024,0.55
13,22,2048,0.76
13,22,4096,1.2
13,22,8192,2.04
13,22,16384,3.18
13,22,32768,5.04
13,22,65536,8.58
13,22,131072,15.35
13,22,262144,17.44
13,22,524288,32.4
13,22,1048576,66.64
13,23,1,0.2
13,23,2,0.2
13,23,4,0.19
13,23,8,0.19
13,23,16,0.19
13,23,32,0.24
13,23,64,0.24
13,23,128,0.33
13,23,256,0.36
13,23,512,0.43
13,23,1024,0.54
13,23,2048,0.75
13,23,4096,1.2
13,23,8192,2.03
13,23,16384,3.14
13,23,32768,4.96
13,23,65536,8.35
13,23,131072,14.92
13,23,262144,17.46
13,23,524288,32.79
13,23,1048576,67.84
14,15,1,0.21
14,15,2,0.2
14,15,4,0.2
14,15,8,0.2
14,15,16,0.2
14,15,32,0.24
14,15,64,0.24
14,15,128,0.32
14,15,256,0.36
14,15,512,0.44
14,15,1024,0.55
14,15,2048,0.76
14,15,4096,1.2
14,15,8192,2.03
14,15,16384,3.15
14,15,32768,4.95
14,15,65536,8.42
14,15,131072,15.0
14,15,262144,17.61
14,15,524288,32.99
14,15,1048576,68.05
14,16,1,0.2
14,16,2,0.19
14,16,4,0.19
14,16,8,0.19
14,16,16,0.2
14,16,32,0.23
14,16,64,0.23
14,16,128,0.32
14,16,256,0.37
14,16,512,0.44
14,16,1024,0.53
14,16,2048,0.75
14,16,4096,1.2
14,16,8192,2.03
14,16,16384,3.14
14,16,32768,4.96
14,16,65536,8.34
14,16,131072,14.86
14,16,262144,17.46
14,16,524288,32.69
14,16,1048576,67.52
14,17,1,0.26
14,17,2,0.25
14,17,4,0.24
14,17,8,0.24
14,17,16,0.23
14,17,32,0.26
14,17,64,0.25
14,17,128,0.33
14,17,256,0.36
14,17,512,0.41
14,17,1024,0.54
14,17,2048,0.74
14,17,4096,1.2
14,17,8192,2.02
14,17,16384,3.14
14,17,32768,5.02
14,17,65536,8.33
14,17,131072,14.82
14,17,262144,17.5
14,17,524288,32.5
14,17,1048576,67.71
14,18,1,0.19
14,18,2,0.19
14,18,4,0.19
14,18,8,0.19
14,18,16,0.19
14,18,32,0.23
14,18,64,0.23
14,18,128,0.33
14,18,256,0.38
14,18,512,0.43
14,18,1024,0.54
14,18,2048,0.75
14,18,4096,1.21
14,18,8192,2.02
14,18,16384,3.14
14,18,32768,4.97
14,18,65536,8.4
14,18,131072,15.04
14,18,262144,17.62
14,18,524288,33.11
14,18,1048576,68.9
14,19,1,0.22
14,19,2,0.22
14,19,4,0.21
14,19,8,0.21
14,19,16,0.2
14,19,32,0.24
14,19,64,0.23
14,19,128,0.32
14,19,256,0.36
14,19,512,0.42
14,19,1024,0.54
14,19,2048,0.75
14,19,4096,1.21
14,19,8192,2.04
14,19,16384,3.19
14,19,32768,4.99
14,19,65536,8.44
14,19,131072,15.09
14,19,262144,17.77
14,19,524288,33.26
14,19,1048576,68.84
14,20,1,0.2
14,20,2,0.19
14,20,4,0.19
14,20,8,0.19
14,20,16,0.19
14,20,32,0.24
14,20,64,0.23
14,20,128,0.33
14,20,256,0.38
14,20,512,0.45
14,20,1024,0.55
14,20,2048,0.75
14,20,4096,1.2
14,20,8192,2.03
14,20,16384,3.16
14,20,32768,4.97
14,20,65536,8.4
14,20,131072,15.02
14,20,262144,17.84
14,20,524288,33.2
14,20,1048576,69.63
14,21,1,0.2
14,21,2,0.19
14,21,4,0.19
14,21,8,0.19
14,21,16,0.19
14,21,32,0.24
14,21,64,0.24
14,21,128,0.33
14,21,256,0.38
14,21,512,0.45
14,21,1024,0.55
14,21,2048,0.76
14,21,4096,1.21
14,21,8192,2.05
14,21,16384,3.19
14,21,32768,5.06
14,21,65536,8.63
14,21,131072,15.37
14,21,262144,17.6
14,21,524288,32.9
14,21,1048576,70.57
14,22,1,0.2
14,22,2,0.19
14,22,4,0.19
14,22,8,0.19
14,22,16,0.19
14,22,32,0.24
14,22,64,0.23
14,22,128,0.33
14,22,256,0.37
14,22,512,0.43
14,22,1024,0.53
14,22,2048,0.74
14,22,4096,1.19
14,22,8192,2.02
14,22,16384,3.14
14,22,32768,4.94
14,22,65536,8.3
14,22,131072,14.8
14,22,262144,17.52
14,22,524288,32.59
14,22,1048576,67.64
14,23,1,0.2
14,23,2,0.19
14,23,4,0.19
14,23,8,0.19
14,23,16,0.19
14,23,32,0.23
14,23,64,0.23
14,23,128,0.3
14,23,256,0.35
14,23,512,0.4
14,23,1024,0.53
14,23,2048,0.75
14,23,4096,1.2
14,23,8192,2.03
14,23,16384,3.15
14,23,32768,4.94
14,23,65536,8.35
14,23,131072,14.84
14,23,262144,17.39
14,23,524288,32.89
14,23,1048576,66.65
15,16,1,0.24
15,16,2,0.24
15,16,4,0.23
15,16,8,0.22
15,16,16,0.21
15,16,32,0.25
15,16,64,0.24
15,16,128,0.32
15,16,256,0.37
15,16,512,0.43
15,16,1024,0.54
15,16,2048,0.75
15,16,4096,1.2
15,16,8192,2.04
15,16,16384,3.14
15,16,32768,4.97
15,16,65536,8.37
15,16,131072,14.89
15,16,262144,17.3
15,16,524288,32.73
15,16,1048576,68.42
15,17,1,0.21
15,17,2,0.21
15,17,4,0.2
15,17,8,0.2
15,17,16,0.2
15,17,32,0.24
15,17,64,0.23
15,17,128,0.31
15,17,256,0.35
15,17,512,0.43
15,17,1024,0.53
15,17,2048,0.75
15,17,4096,1.19
15,17,8192,2.01
15,17,16384,3.13
15,17,32768,4.96
15,17,65536,8.31
15,17,131072,14.84
15,17,262144,17.55
15,17,524288,32.77
15,17,1048576,66.8
15,18,1,0.19
15,18,2,0.19
15,18,4,0.19
15,18,8,0.19
15,18,16,0.19
15,18,32,0.23
15,18,64,0.23
15,18,128,0.32
15,18,256,0.36
15,18,512,0.43
15,18,1024,0.54
15,18,2048,0.75
15,18,4096,1.2
15,18,8192,2.05
15,18,16384,3.21
15,18,32768,5.1
15,18,65536,8.69
15,18,131072,15.46
15,18,262144,17.49
15,18,524288,32.94
15,18,1048576,69.33
15,19,1,0.19
15,19,2,0.19
15,19,4,0.19
15,19,8,0.19
15,19,16,0.19
15,19,32,0.24
15,19,64,0.23
15,19,128,0.34
15,19,256,0.38
15,19,512,0.45
15,19,1024,0.55
15,19,2048,0.76
15,19,4096,1.21
15,19,8192,2.05
15,19,16384,3.18
15,19,32768,5.04
15,19,65536,8.49
15,19,131072,15.15
15,19,262144,17.68
15,19,524288,33.32
15,19,1048576,67.69
15,20,1,0.19
15,20,2,0.19
15,20,4,0.19
15,20,8,0.19
15,20,16,0.19
15,20,32,0.23
15,20,64,0.23
15,20,128,0.32
15,20,256,0.36
15,20,512,0.44
15,20,1024,0.54
15,20,2048,0.75
15,20,4096,1.2
15,20,8192,2.03
15,20,16384,3.16
15,20,32768,4.98
15,20,65536,8.43
15,20,131072,15.02
15,20,262144,17.64
15,20,524288,33.06
15,20,1048576,67.38
15,21,1,0.19
15,21,2,0.19
15,21,4,0.19
15,21,8,0.19
15,21,16,0.19
15,21,32,0.23
15,21,64,0.23
15,21,128,0.33
15,21,256,0.37
15,21,512,0.45
15,21,1024,0.54
15,21,2048,0.75
15,21,4096,1.2
15,21,8192,2.03
15,21,16384,3.17
15,21,32768,4.98
15,21,65536,8.43
15,21,131072,15.06
15,21,262144,17.61
15,21,524288,33.02
15,21,1048576,67.64
15,22,1,0.19
15,22,2,0.19
15,22,4,0.2
15,22,8,0.19
15,22,16,0.19
15,22,32,0.23
15,22,64,0.23
15,22,128,0.33
15,22,256,0.36
15,22,512,0.44
15,22,1024,0.54
15,22,2048,0.76
15,22,4096,1.2
15,22,8192,2.03
15,22,16384,3.15
15,22,32768,4.94
15,22,65536,8.35
15,22,131072,14.87
15,22,262144,17.49
15,22,524288,32.6
15,22,1048576,67.3
15,23,1,0.22
15,23,2,0.21
15,23,4,0.21
15,23,8,0.2
15,23,16,0.2
15,23,32,0.24
15,23,64,0.23
15,23,128,0.32
15,23,256,0.36
15,23,512,0.44
15,23,1024,0.54
15,23,2048,0.75
15,23,4096,1.21
15,23,8192,2.05
15,23,16384,3.18
15,23,32768,5.13
15,23,65536,8.6
15,23,131072,15.34
15,23,262144,17.46
15,23,524288,32.52
15,23,1048576,67.25
16,17,1,0.19
16,17,2,0.19
16,17,4,0.19
16,17,8,0.18
16,17,16,0.18
16,17,32,0.22
16,17,64,0.22
16,17,128,0.3
16,17,256,0.34
16,17,512,0.42
16,17,1024,0.52
16,17,2048,0.73
16,17,4096,1.18
16,17,8192,2.0
16,17,16384,3.13
16,17,32768,4.89
16,17,65536,8.23
16,17,131072,14.75
16,17,262144,17.32
16,17,524288,32.48
16,17,1048576,67.05
16,18,1,0.23
16,18,2,0.21
16,18,4,0.21
16,18,8,0.2
16,18,16,0.2
16,18,32,0.24
16,18,64,0.23
16,18,128,0.33
16,18,256,0.38
16,18,512,0.44
16,18,1024,0.55
16,18,2048,0.75
16,18,4096,1.2
16,18,8192,2.03
16,18,16384,3.14
16,18,32768,4.95
16,18,65536,8.37
16,18,131072,14.91
16,18,262144,17.57
16,18,524288,33.08
16,18,1048576,67.09
16,19,1,0.19
16,19,2,0.19
16,19,4,0.19
16,19,8,0.19
16,19,16,0.19
16,19,32,0.23
16,19,64,0.23
16,19,128,0.33
16,19,256,0.36
16,19,512,0.44
16,19,1024,0.55
16,19,2048,0.76
16,19,4096,1.2
16,19,8192,2.03
16,19,16384,3.16
16,19,32768,4.98
16,19,65536,8.39
16,19,131072,14.99
16,19,262144,17.71
16,19,524288,33.16
16,19,1048576,68.04
16,20,1,0.19
16,20,2,0.19
16,20,4,0.19
16,20,8,0.18
16,20,16,0.18
16,20,32,0.23
16,20,64,0.23
16,20,128,0.32
16,20,256,0.36
16,20,512,0.43
16,20,1024,0.54
16,20,2048,0.75
16,20,4096,1.2
16,20,8192,2.04
16,20,16384,3.17
16,20,32768,5.03
16,20,65536,8.57
16,20,131072,15.31
16,20,262144,17.59
16,20,524288,33.06
16,20,1048576,67.51
16,21,1,0.19
16,21,2,0.19
16,21,4,0.19
16,21,8,0.19
16,21,16,0.19
16,21,32,0.23
16,21,64,0.23
16,21,128,0.32
16,21,256,0.35
16,21,512,0.43
16,21,1024,0.54
16,21,2048,0.75
16,21,4096,1.2
16,21,8192,2.02
16,21,16384,3.15
16,21,32768,4.93
16,21,65536,8.33
16,21,131072,14.83
16,21,262144,17.56
16,21,524288,32.65
16,21,1048576,69.09
16,22,1,0.21
16,22,2,0.2
16,22,4,0.2
16,22,8,0.2
16,22,16,0.19
16,22,32,0.24
16,22,64,0.23
16,22,128,0.32
16,22,256,0.36
16,22,512,0.43
16,22,1024,0.53
16,22,2048,0.74
16,22,4096,1.19
16,22,8192,2.0
16,22,16384,3.15
16,22,32768,4.91
16,22,65536,8.25
16,22,131072,14.71
16,22,262144,17.33
16,22,524288,32.38
16,22,1048576,66.17
16,23,1,0.23
16,23,2,0.23
16,23,4,0.23
16,23,8,0.22
16,23,16,0.21
16,23,32,0.24
16,23,64,0.23
16,23,128,0.33
16,23,256,0.37
16,23,512,0.43
16,23,1024,0.54
16,23,2048,0.75
16,23,4096,1.2
16,23,8192,2.02
16,23,16384,3.11
16,23,32768,4.93
16,23,65536,8.32
16,23,131072,14.79
16,23,262144,17.2
16,23,524288,32.5
16,23,1048576,67.38
17,18,1,0.2
17,18,2,0.2
17,18,4,0.2
17,18,8,0.2
17,18,16,0.2
17,18,32,0.24
17,18,64,0.23
17,18,128,0.33
17,18,256,0.37
17,18,512,0.44
17,18,1024,0.54
17,18,2048,0.75
17,18,4096,1.2
17,18,8192,2.02
17,18,16384,3.15
17,18,32768,4.94
17,18,65536,8.34
17,18,131072,14.85
17,18,262144,17.39
17,18,524288,32.51
17,18,1048576,66.75
17,19,1,0.19
17,19,2,0.19
17,19,4,0.19
17,19,8,0.19
17,19,16,0.19
17,19,32,0.23
17,19,64,0.23
17,19,128,0.33
17,19,256,0.36
17,19,512,0.43
17,19,1024,0.54
17,19,2048,0.75
17,19,4096,1.2
17,19,8192,2.03
17,19,16384,3.14
17,19,32768,4.95
17,19,65536,8.35
17,19,131072,14.87
17,19,262144,17.66
17,19,524288,32.93
17,19,1048576,67.63
17,20,1,0.19
17,20,2,0.19
17,20,4,0.19
17,20,8,0.19
17,20,16,0.19
17,20,32,0.23
17,20,64,0.23
17,20,128,0.32
17,20,256,0.36
17,20,512,0.43
17,20,1024,0.55
17,20,2048,0.75
17,20,4096,1.2
17,20,8192,2.03
17,20,16384,3.16
17,20,32768,4.96
17,20,65536,8.35
17,20,131072,14.86
17,20,262144,17.48
17,20,524288,32.51
17,20,1048576,66.69
17,21,1,0.19
17,21,2,0.19
17,21,4,0.19
17,21,8,0.19
17,21,16,0.19
17,21,32,0.23
17,21,64,0.22
17,21,128,0.33
17,21,256,0.37
17,21,512,0.43
17,21,1024,0.54
17,21,2048,0.75
17,21,4096,1.2
17,21,8192,2.02
17,21,16384,3.21
17,21,32768,4.94
17,21,65536,8.33
17,21,131072,14.79
17,21,262144,17.34
17,21,524288,32.43
17,21,1048576,68.92
17,22,1,0.22
17,22,2,0.2
17,22,4,0.2
17,22,8,0.19
17,22,16,0.19
17,22,32,0.23
17,22,64,0.23
17,22,128,0.31
17,22,256,0.36
17,22,512,0.42
17,22,1024,0.54
17,22,2048,0.74
17,22,4096,1.19
17,22,8192,2.02
17,22,16384,3.15
17,22,32768,5.07
17,22,65536,8.49
17,22,131072,15.1
17,22,262144,17.19
17,22,524288,32.16
17,22,1048576,67.18
17,23,1,0.2
17,23,2,0.2
17,23,4,0.19
17,23,8,0.19
17,23,16,0.19
17,23,32,0.23
17,23,64,0.23
17,23,128,0.32
17,23,256,0.36
17,23,512,0.43
17,23,1024,0.53
17,23,2048,0.74
17,23,4096,1.19
17,23,8192,2.01
17,23,16384,3.12
17,23,32768,4.91
17,23,65536,8.28
17,23,131072,14.69
17,23,262144,17.35
17,23,524288,32.48
17,23,1048576,67.35
18,19,1,0.22
18,19,2,0.2
18,19,4,0.2
18,19,8,0.2
18,19,16,0.2
18,19,32,0.24
18,19,64,0.23
18,19,128,0.34
18,19,256,0.38
18,19,512,0.44
18,19,1024,0.55
18,19,2048,0.76
18,19,4096,1.21
18,19,8192,2.04
18,19,16384,3.17
18,19,32768,5.01
18,19,65536,8.47
18,19,131072,15.12
18,19,262144,17.98
18,19,524288,33.26
18,19,1048576,70.2
18,20,1,0.2
18,20,2,0.2
18,20,4,0.2
18,20,8,0.19
18,20,16,0.19
18,20,32,0.24
18,20,64,0.24
18,20,128,0.34
18,20,256,0.37
18,20,512,0.44
18,20,1024,0.55
18,20,2048,0.76
18,20,4096,1.21
18,20,8192,2.04
18,20,16384,3.17
18,20,32768,4.99
18,20,65536,8.48
18,20,131072,15.11
18,20,262144,17.66
18,20,524288,32.95
18,20,1048576,68.65
18,21,1,0.25
18,21,2,0.24
18,21,4,0.23
18,21,8,0.23
18,21,16,0.23
18,21,32,0.26
18,21,64,0.25
18,21,128,0.36
18,21,256,0.39
18,21,512,0.45
18,21,1024,0.55
18,21,2048,0.76
18,21,4096,1.21
18,21,8192,2.03
18,21,16384,3.17
18,21,32768,4.97
18,21,65536,8.42
18,21,131072,15.01
18,21,262144,17.67
18,21,524288,33.15
18,21,1048576,69.62
18,22,1,0.25
18,22,2,0.24
18,22,4,0.23
18,22,8,0.22
18,22,16,0.21
18,22,32,0.25
18,22,64,0.24
18,22,128,0.32
18,22,256,0.36
18,22,512,0.43
18,22,1024,0.53
18,22,2048,0.74
18,22,4096,1.19
18,22,8192,2.03
18,22,16384,3.14
18,22,32768,4.93
18,22,65536,8.34
18,22,131072,14.87
18,22,262144,17.51
18,22,524288,32.63
18,22,1048576,67.74
18,23,1,0.21
18,23,2,0.2
18,23,4,0.2
18,23,8,0.2
18,23,16,0.2
18,23,32,0.24
18,23,64,0.23
18,23,128,0.31
18,23,256,0.34
18,23,512,0.41
18,23,1024,0.54
18,23,2048,0.75
18,23,4096,1.2
18,23,8192,2.04
18,23,16384,3.18
18,23,32768,5.08
18,23,65536,8.62
18,23,131072,15.34
18,23,262144,17.59
18,23,524288,32.84
18,23,1048576,67.61
19,20,1,0.2
19,20,2,0.2
19,20,4,0.19
19,20,8,0.19
19,20,16,0.19
19,20,32,0.24
19,20,64,0.23
19,20,128,0.34
19,20,256,0.39
19,20,512,0.45
19,20,1024,0.55
19,20,2048,0.76
19,20,4096,1.21
19,20,8192,2.05
19,20,16384,3.16
19,20,32768,5.01
19,20,65536,8.52
19,20,131072,15.1
19,20,262144,17.88
19,20,524288,33.68
19,20,1048576,70.1
19,21,1,0.21
19,21,2,0.21
19,21,4,0.21
19,21,8,0.21
19,21,16,0.2
19,21,32,0.25
19,21,64,0.24
19,21,128,0.33
19,21,256,0.37
19,21,512,0.42
19,21,1024,0.54
19,21,2048,0.76
19,21,4096,1.21
19,21,8192,2.04
19,21,16384,3.16
19,21,32768,5.0
19,21,65536,8.51
19,21,131072,15.13
19,21,262144,17.75
19,21,524288,33.32
19,21,1048576,68.76
19,22,1,0.2
19,22,2,0.19
19,22,4,0.19
19,22,8,0.19
19,22,16,0.19
19,22,32,0.23
19,22,64,0.23
19,22,128,0.32
19,22,256,0.36
19,22,512,0.42
19,22,1024,0.54
19,22,2048,0.75
19,22,4096,1.2
19,22,8192,2.03
19,22,16384,3.15
19,22,32768,4.96
19,22,65536,8.39
19,22,131072,14.94
19,22,262144,17.64
19,22,524288,33.06
19,22,1048576,68.2
19,23,1,0.19
19,23,2,0.19
19,23,4,0.19
19,23,8,0.19
19,23,16,0.19
19,23,32,0.24
19,23,64,0.23
19,23,128,0.33
19,23,256,0.38
19,23,512,0.44
19,23,1024,0.54
19,23,2048,0.75
19,23,4096,1.2
19,23,8192,2.03
19,23,16384,3.16
19,23,32768,4.96
19,23,65536,8.39
19,23,131072,14.94
19,23,262144,17.57
19,23,524288,32.82
19,23,1048576,66.94
20,21,1,0.19
20,21,2,0.19
20,21,4,0.19
20,21,8,0.19
20,21,16,0.19
20,21,32,0.23
20,21,64,0.23
20,21,128,0.33
20,21,256,0.37
20,21,512,0.43
20,21,1024,0.54
20,21,2048,0.75
20,21,4096,1.2
20,21,8192,2.03
20,21,16384,3.16
20,21,32768,4.97
20,21,65536,8.39
20,21,131072,14.99
20,21,262144,17.73
20,21,524288,32.87
20,21,1048576,68.79
20,22,1,0.19
20,22,2,0.19
20,22,4,0.19
20,22,8,0.19
20,22,16,0.19
20,22,32,0.23
20,22,64,0.23
20,22,128,0.32
20,22,256,0.37
20,22,512,0.45
20,22,1024,0.54
20,22,2048,0.75
20,22,4096,1.2
20,22,8192,2.03
20,22,16384,3.15
20,22,32768,4.95
20,22,65536,8.32
20,22,131072,14.85
20,22,262144,17.45
20,22,524288,32.61
20,22,1048576,69.03
20,23,1,0.19
20,23,2,0.19
20,23,4,0.19
20,23,8,0.19
20,23,16,0.19
20,23,32,0.23
20,23,64,0.22
20,23,128,0.32
20,23,256,0.36
20,23,512,0.43
20,23,1024,0.54
20,23,2048,0.75
20,23,4096,1.2
20,23,8192,2.02
20,23,16384,3.22
20,23,32768,4.94
20,23,65536,8.34
20,23,131072,14.87
20,23,262144,17.54
20,23,524288,32.62
20,23,1048576,67.2
21,22,1,0.19
21,22,2,0.19
21,22,4,0.19
21,22,8,0.19
21,22,16,0.19
21,22,32,0.23
21,22,64,0.23
21,22,128,0.33
21,22,256,0.37
21,22,512,0.42
21,22,1024,0.53
21,22,2048,0.75
21,22,4096,1.19
21,22,8192,2.02
21,22,16384,3.13
21,22,32768,4.93
21,22,65536,8.31
21,22,131072,14.78
21,22,262144,17.59
21,22,524288,32.79
21,22,1048576,69.44
21,23,1,0.21
21,23,2,0.2
21,23,4,0.2
21,23,8,0.2
21,23,16,0.19
21,23,32,0.23
21,23,64,0.23
21,23,128,0.34
21,23,256,0.38
21,23,512,0.43
21,23,1024,0.54
21,23,2048,0.75
21,23,4096,1.2
21,23,8192,2.03
21,23,16384,3.14
21,23,32768,4.96
21,23,65536,8.34
21,23,131072,14.88
21,23,262144,17.29
21,23,524288,32.63
21,23,1048576,68.43
22,23,1,0.21
22,23,2,0.2
22,23,4,0.2
22,23,8,0.2
22,23,16,0.19
22,23,32,0.24
22,23,64,0.23
22,23,128,0.32
22,23,256,0.36
22,23,512,0.41
22,23,1024,0.54
22,23,2048,0.74
22,23,4096,1.19
22,23,8192,2.0
22,23,16384,3.11
22,23,32768,4.91
22,23,65536,8.27
22,23,131072,14.75
22,23,262144,17.37
22,23,524288,32.33
22,23,1048576,67.04
